id,origin,created_at,updated_at,area,charter,test_data,scale,actions,expected,actual,status,severity,defect_id,fix,regression,evidence,notes
UAT-001,initial,2026-08-16T14:00:00+09:00,2026-08-16T14:00:00+09:00,起動・初期表示,production buildを実ブラウザで開き、PRの意図・commit・changed filesがレビュー開始に十分な形で見えるか探索する,fixture PR / 1 commitから同期後2 commitsへ変化,small,初回表示 / 自動同期 / タイトル・本文・commit badge・file treeを横断,キャッシュ表示を保ったまま最新状態へ更新され、レビューの起点が明確,初回1 commit表示から自動同期後2 commits・3 changed files・5 walkthroughsへ更新。console error/warnなし,passed,,,,,browser DOM + 1280x720 screenshot,基準commit 30b22d1 / production build
UAT-002,initial,2026-08-16T14:00:00+09:00,2026-08-16T15:47:00+09:00,commit範囲,1件・連続範囲・PR全体・最新だけを往復し、選択境界と表示内容が利用者の理解と一致するか探索する,2 commits / added・modified・deleted files,small,picker click / shortcut / drag / Shift操作 / diff対象の変化を観察,選択は常に連続し、old/new境界・badge・changed filesが矛盾しない,PR全体↔最新だけでbadgeと3件↔2件が整合。単一commit・Shift連続範囲を実ブラウザで確認し、Chromium mouse dragも全E2Eで通過,passed,,,,,browser DOM + review-flow E2E,in-app browserの一括drag入力はclick相当だったため、実pointer dragはPlaywright mouseで補完
UAT-003,initial,2026-08-16T14:00:00+09:00,2026-08-16T15:47:00+09:00,文書閲覧,changed/all filesと全文/変更を行き来し、diff外・追加・削除・binary・large fileの扱いを探索する,Markdown / TypeScript / binary / 1MiB超 / missing,mixed,tree切替 / tab再利用 / stacked・split / unavailable statesを確認,比較条件を保持し、各文書状態を誤解なく明示する,全ファイル50件を表示。binary・1 MiB超・deleted・missingを明示し、本文不可でもfile comment可。比較範囲変更後も表示整合,passed,,,,,browser DOM + full E2E,binaryのline comment不可・file comment可も回帰確認
UAT-004,initial,2026-08-16T14:00:00+09:00,2026-08-16T14:00:00+09:00,探索・検索,Quick Openと全文検索をキーボード・曖昧入力・case・whole wordで使い、発見から閲覧へ滑らかに移れるか探索する,浅い/深いpath、同名候補、複数match、0件,small→large,Cmd+P / Arrow / Enter / Escape / search option切替 / result jump,候補順・match数・focus・line jumpが一貫し、0件も明確,Quick Open 52候補でcreordのfuzzy順を確認。全文検索は17件/8 files→case 14件→whole word 6件/5 files、0件表示と行jumpも正常,passed,,,,,browser DOM / screenshot / search count,50-file fixtureを操作中に採用
UAT-005,initial,2026-08-16T14:00:00+09:00,2026-08-16T15:47:00+09:00,タブ・2ペイン,複数文書を開閉・移動し、2ペイン・overflow・divider操作でも読む場所を見失わないか探索する,10+ tabs / long paths / walkthrough references,medium,通常click / Cmd+click / menu移動 / drag / close others / resize / narrow viewport,document identityは重複せず、active pane・focus・scrollが予測可能,左右に5 tabsまで開き、overflow selected tabを可視化。重複identityなし、右→左移動、close others、divider keyboard/double-click、720px横scrollを確認,passed,,,,,browser DOM / screenshots / full E2E,900x600・720x600・1280x240を操作中に追加
UAT-006,initial,2026-08-16T14:00:00+09:00,2026-08-16T14:00:00+09:00,コメント,PR・file・line・rangeへコメントし、返信・解決・再オープン・コピー・Outdatedを一連で探索する,短文 / 長文 / 日本語 / 改行 / code-like text / 同一行複数thread,medium,作成 / cancel / reply / resolve / reopen / copy reference / sync後配置を確認,保存・配置・状態・件数が一貫し、入力損失や誤対象がない,src/fixture.ts L5へ日本語・改行・code-like textを作成、返信、rvw://参照copy、解決、解決済み表示、再openまで一貫,passed,,,,,browser DOM / clipboard rvw://comment UUID,fixture server再起動でテストコメントは破棄
UAT-007,initial,2026-08-16T14:00:00+09:00,2026-08-16T14:00:00+09:00,Markdown・安全性,Preview/Source、相対link・画像・見出し・table・unsafe HTMLを操作し、読解性と安全性を探索する,長いtable / local SVG / external image / script tag / relative link,medium,Preview/Source保持 / link click / image placeholder / blocked requestを観察,repository外へ意図せずアクセスせず、unsafe contentは実行されない,README Preview、見出しhash、同一commit相対Markdown、local SVGを確認。script未実行、external image DOM requestなしでplaceholder表示,passed,,,,,browser DOM / screenshot / window flag=false,
UAT-008,initial,2026-08-16T14:00:00+09:00,2026-08-16T15:47:00+09:00,Walkthrough,説明・code reference・diagram node・更新・削除を、人間が任意順で検証できるか探索する,複数diagram種 / file-level・line-range refs / stale ref,medium,reference open / Cmd+click / comment / poll update / delete confirmを横断,commit固定の説明とsourceを往復でき、説明tabやコメント状態を失わない,通常/Cmd参照を左右paneへ開きline rangeを選択、Mermaid node→sourceを往復。poll更新がopen tabへ反映され、local delete後5→4件を確認,passed,,,,,browser DOM + full E2E,fixture再起動で5件へ復元。実データ変更なし
UAT-009,initial,2026-08-16T14:00:00+09:00,2026-08-16T15:47:00+09:00,障害復旧・同期,offline・server loss・同期中更新・不正IDでもキャッシュ閲覧と復旧案内が機能するか探索する,network abort / malformed UUID / unknown PR / rewritten PR body,mixed,refresh失敗 / URL改変 / reload / sync連打 / cache保持を確認,閲覧済み内容を保ち、明示的なerrorと復旧手順を示す,malformed/unknown IDを明示。server停止中の同期はLOCAL_SERVER_UNAVAILABLEと復旧案内を出し既存レビューを保持。再起動後の再同期成功と5 walkthrough復元を確認,passed,,,,,browser DOM + server stop/restart + full E2E,beforeunload guardも有効
UAT-010,initial,2026-08-16T14:00:00+09:00,2026-08-16T15:47:00+09:00,公開前品質,テーマ・focus・狭いviewport・CLI doctor・package installを横断し、npm公開候補として致命的な欠落がないか探索する,light/dark/system / 1280x240 / local tarball offline install,release,browser keyboard pass / responsive pass / check・test・e2e・build・package smoke,操作可能性と配布物の再現性が確認でき、release blockerが0件,"light/dark/systemと狭いviewport通過。check/build、unit 170件、E2E 59件、package smoke 440 files・3,737,052 bytes packed・18,699,896 bytes unpackedが成功",passed,,,,,pnpm check/test/test:e2e/build/test:package,npm publishは実行しない
UAT-011,discovered,2026-08-16T15:08:00+09:00,2026-08-16T15:12:00+09:00,toolchain再現性,project指定pnpm versionと実行環境が不一致な場合に曖昧なbuildを続けないか探索する,bundled pnpm 11.19.0 / project required 11.21.0 / Volta pnpm 11.21.0,release,異なるpnpmでbuildし、拒否内容と正規toolchainでの回復を確認,不一致を明示的に拒否し、正しい版では同じbuildが成功する,11.19.0はERR_PNPM_UNSUPPORTED_ENGINEで停止。11.21.0はbuild成功,passed,info,,product code変更なし,pnpm build再実行成功,terminal output,Codex workspace bundleのpnpmは利用せずproject環境を使用
UAT-012,discovered,2026-08-16T15:31:00+09:00,2026-08-16T15:47:00+09:00,文書切替・scroll,長い文書で下部へ移動後、短い別文書を通常openしたとき先頭行がsticky headerへ隠れないか探索する,create-order.ts 41 lines→src/fixture.ts 14 lines / same left pane,medium,全文検索で長文41行へjump / file treeから短文をopen / scrollTopとheader・line位置を測定,新しい文書はscrollTop 0で始まり、line 1 topがsticky header bottom以降,修正前 scrollTop=56、line1 top=113 < header bottom=152。修正後 scrollTop=0、line1 top=169 = header bottom=169,fixed-pass,major,UAT-DEF-001,各documentのscrollを記録し、未読tabは0・既読tabは元位置へ復元,targeted E2E + full E2E + 修正後production buildを新規browser tabで再操作,browser metrics / before-after screenshots,search・reference line navigationは同一document keyのため保持
UAT-013,discovered,2026-08-16T15:44:00+09:00,2026-08-16T15:47:00+09:00,大規模repository,実コードベース相当の大量pathでfile treeの展開・open・closeがDOM肥大や操作停止を起こさないか探索する,"5,000 files / packages/package-NNNN/src/index.ts / 15,000超tree rows",large,全ファイル展開 / virtualization属性・row数・実DOM数測定 / first file open・close,logical rowsが増えても実DOMを制限し、文書操作を継続できる,"15,000超logical rowsに対し実DOM rowは100未満。open・closeを含め323msでE2E通過",passed,,,product code変更なし,full E2Eで継続実行,Playwright Chromium metrics,"操作中の50-file fixtureから5,000-file route fixtureへ拡張"
UAT-014,discovered,2026-08-16T15:48:00+09:00,2026-08-16T15:50:00+09:00,npm package metadata,npm publish dry-runがpackage metadataを暗黙補正せず、registryへ渡す内容を再現可能に表示するか探索する,bin=./dist/cli.mjs / repository.url=https URL / private=true,release,一時npm cacheでpublish --dry-run / 警告確認 / metadata修正 / offline dry-run再実行,自動補正警告がなく、prepack済み440 filesを公開候補として列挙する,修正前はbin script name cleanedとrepository.url normalizedを警告。正規化後はoffline dry-run exit 0・警告なし,fixed-pass,minor,UAT-DEF-002,binから先頭./を除去し、repository.urlをgit+https形式へ正規化,package smoke + npm publish --dry-run --offline,terminal output / package.json,初回のhome npm cache EPERMは一時cacheで分離。実publishは未実施
UAT-015,persona,2026-08-16T15:52:00+09:00,2026-08-16T15:52:00+09:00,初見レビュアー,rvwを初めて使う開発者として、説明なしでレビュー開始地点・変更範囲・次の行動を理解できるか探索する,fixture PR / 初回表示 / 2 commits / 3 changed files,small,画面を上から読む / PR本文→変更file→commentまで迷い方を観察 / 用語とbutton名を確認,主要な概念と現在地が自己説明的で、危険操作と通常操作を区別できる,初見でレビュー開始点は理解可能。危険操作の削除意図が色だけに依存していたため明示名へ修正し、cancelで状態保持を確認,fixed-pass,,UAT-DEF-007,reset menuを『ローカル状態を削除して再構築』へ変更,full E2E 59/59,in-app browser DOM + uat-regressions,ペルソナ: GitHub review経験あり・rvw未経験
UAT-016,persona,2026-08-16T15:52:00+09:00,2026-08-16T15:52:00+09:00,熟練シニアレビュアー,短時間で重要箇所をtriageする利用者として、検索・Quick Open・commit range・2paneを高速に往復して破綻しないか探索する,"50 files→5,000 files / deep paths / multiple matches",large,keyboard中心の連続操作 / 絞り込み中の範囲変更 / tab大量open-close / 同期割込み,高速操作でも選択・focus・結果件数・文書identityが一貫する,"Quick Open・全文検索・commit range・2pane・10+ tabsを連続操作。5,000-file treeでも実DOM100未満かつopen/close継続",passed,,,product code変更なし,"full E2E 59/59 / 5,000-file stress",review-flow + browser DOM,ペルソナ: shortcutと並列閲覧を常用
UAT-017,persona,2026-08-16T15:52:00+09:00,2026-08-16T15:52:00+09:00,キーボードのみの利用者,pointing deviceなしで主要機能へ到達し、dialog・menu・tab・commentからfocusを失わず戻れるか探索する,Tab / Shift+Tab / Enter / Space / Escape / Arrow keys / Cmd+P,medium,初期focusから主要操作を巡回 / overlay開閉 / tablist移動 / divider調整 / comment submit-cancel,focus indicatorが見え、順序・復帰先・keyboard semanticが一貫する,topbar/pane menuのfocus・Arrow・Home/End・Escape・outside dismissalを修正し、skip linkとtablist keyboardを確認,fixed-pass,,UAT-DEF-003/UAT-DEF-006/UAT-DEF-008,menu keyboard規約とレビュー本文skip linkを追加,full E2E 59/59,in-app browser + uat-regressions,ペルソナ: マウスを使えない・使わない
UAT-018,persona,2026-08-16T15:52:00+09:00,2026-08-16T15:52:00+09:00,弱視・高倍率利用者,200%相当の拡大と狭い実効viewportで、情報欠落・重なり・横方向の行き止まりなくレビューできるか探索する,browser zoom / 640x720相当 / light-dark-system,medium,拡大 / topbar・sidebar・2pane・dialog・comment menuを操作 / horizontal scroll到達性を確認,操作対象が画面外へ固定されず、文字やfocus ringが切れずに到達できる,640x720と400x720でtopbar action・menu・commit dialogをviewport内に保持し、workspace横scrollの到達を確認,passed,,,product code変更なし,full E2E 59/59 / responsive targeted pass,browser screenshot + bounding boxes,ペルソナ: 画面拡大と高コントラスト設定を利用
UAT-019,persona,2026-08-16T15:52:00+09:00,2026-08-16T15:52:00+09:00,スクリーンリーダー利用者,視覚配置に依存せずlandmark・heading・accessible name・live statusから現在地と結果を理解できるか探索する,DOM accessibility tree / loading-success-error / selected-expanded-pressed states,medium,landmark順を読む / buttonとtabの名前重複を確認 / search・sync・error・comment件数の通知を確認,名前と状態だけで操作を識別でき、動的更新が適切なroleで通知される,landmark・heading・name・expanded/pressed/selected・live statusをDOM treeで確認。sidebar名、skip link、危険操作名を補強,fixed-pass,,UAT-DEF-006/UAT-DEF-007,レビューサイドバーlandmark名と危険操作の自己説明名を追加,full E2E 59/59,browser accessibility DOM snapshot,ペルソナ: 音声出力を主に利用
UAT-020,persona,2026-08-16T15:52:00+09:00,2026-08-16T15:52:00+09:00,中断・誤操作が多い利用者,comment入力中の別操作・overlay連打・close/delete誤操作・同期失敗から、入力や閲覧contextを回復できるか探索する,未送信comment / multiline / Escape / tab close / server loss / confirm cancel,medium,入力途中でpane・tab・menuを切替 / cancelと再open / 危険操作confirm / offline後に復旧,未送信内容の扱いが予測可能で、破壊操作は明示され、回復不能な損失がない,2行のfile comment draftをtab往復後に復元。Escape cancel後は再往復しても復元せず、送信・navigation時clearも維持,fixed-pass,major,UAT-DEF-004,文書・commit範囲ごとのcomment draft保持を追加,full E2E 59/59,in-app browser + uat-regressions,ペルソナ: 割込みの多いon-call担当
UAT-021,persona,2026-08-16T15:52:00+09:00,2026-08-16T15:52:00+09:00,雑多なrepositoryのmaintainer,Unicode・空file・symlink・submodule・極端に長いpath・同名fileを含むrepositoryで誤認や操作不能がないか探索する,日本語・emoji・space・combining characters / empty / symlink / submodule / long same-name paths,mixed,tree・Quick Open・search・tab・comment対象を確認 / availabilityとentry kindの説明を比較,path identityとfile kindを誤らず、表示不能状態でも対象を特定してfile commentできる,Unicode正規化差、日本語/emoji、空file、symlink、submodule、12階層path、同名3fileをproduction UIで横断,fixed-pass,major,UAT-DEF-005,duplicate basename tabのみ最短の一意な親path suffixを表示,full E2E 59/59,route fixture + Quick Open/search/tab browser E2E,ペルソナ: 歴史が長い多言語monorepoを保守
UAT-022,discovered-persona,2026-08-16T16:08:00+09:00,2026-08-16T16:18:00+09:00,キーボード・アクションメニュー,ARIA menuをキーボードのみで開き、項目間を標準キーで移動して閉じた後も現在地を失わないか探索する,6 menu items / menuitem・menuitemradio・danger action,small,その他の操作を開く / ArrowDown・ArrowUp・Home・End / wrap / Escape,open時に先頭項目へfocusし、上下・端移動が循環し、Escapeでtriggerへfocusが戻る,修正前はtriggerにfocusが残りArrowDown無反応。修正後は全移動・wrap・Escape復帰が成功,fixed-pass,major,UAT-DEF-003,menu open後のfocus移動、ArrowUp/Down・Home/End処理、Escapeのtrigger復帰を追加,uat-regressions keyboard navigation E2E pass,test/e2e/uat-regressions.spec.ts / in-app browser DOM,ペルソナ切替で発見。実browserとPlaywrightの双方で再現
UAT-023,e2e-observation,2026-08-16T16:20:00+09:00,2026-08-16T16:20:00+09:00,コメント,"reviews a line across commits, preserves the tabbed UI, and resolves it",fixture PR / production build / Chromium / path・commit・comment・walkthrough固有データ,acceptance,"review-flow.spec.ts:13 のユーザーフローを実行し、expect(page.getByRole(""heading"", { name: ""Fixture review"" }))を観測","expect(page.getByRole(""heading"", { name: ""Fixture review"" })).toBeVisible() が成立する",production buildのChromium full E2Eでassertion成立,passed,,,product code変更なし,full E2E 59/59,review-flow.spec.ts:13,matcher=toBeVisible / 697 unique assertionsから51 flowsをround-robin抽出
UAT-024,e2e-observation,2026-08-16T16:20:00+09:00,2026-08-16T16:20:00+09:00,コメント,keeps a comment on the current PR body placed with its saved hash and quote,fixture PR / production build / Chromium / path・commit・comment・walkthrough固有データ,acceptance,review-flow.spec.ts:818 のユーザーフローを実行し、expect(createResponse.ok())を観測,expect(createResponse.ok()).toBe(true) が成立する,production buildのChromium full E2Eでassertion成立,passed,,,product code変更なし,full E2E 59/59,review-flow.spec.ts:818,matcher=toBe / 697 unique assertionsから51 flowsをround-robin抽出
UAT-025,e2e-observation,2026-08-16T16:20:00+09:00,2026-08-16T16:20:00+09:00,コメント,keeps PR body preview comments interactive and stacks collapsed source menus without layout shifts,fixture PR / production build / Chromium / path・commit・comment・walkthrough固有データ,acceptance,review-flow.spec.ts:855 のユーザーフローを実行し、expect(refreshResponse.ok())を観測,expect(refreshResponse.ok()).toBe(true) が成立する,production buildのChromium full E2Eでassertion成立,passed,,,product code変更なし,full E2E 59/59,review-flow.spec.ts:855,matcher=toBe / 697 unique assertionsから51 flowsをround-robin抽出
UAT-026,e2e-observation,2026-08-16T16:20:00+09:00,2026-08-16T16:20:00+09:00,アクセシビリティ・表示,restores the shared theme after browser storage is cleared,fixture PR / production build / Chromium / path・commit・comment・walkthrough固有データ,acceptance,"review-flow.spec.ts:1011 のユーザーフローを実行し、expect( page.locator("".topbar"").getByRole(""heading"", { name: /Fixture review/ }), )を観測","expect( page.locator("".topbar"").getByRole(""heading"", { name: /Fixture review/ }), ).toBeVisible() が成立する",production buildのChromium full E2Eでassertion成立,passed,,,product code変更なし,full E2E 59/59,review-flow.spec.ts:1011,matcher=toBeVisible / 697 unique assertionsから51 flowsをround-robin抽出
UAT-027,e2e-observation,2026-08-16T16:20:00+09:00,2026-08-16T16:20:00+09:00,起動・統合フロー,selects and copies code text with native browser selection,fixture PR / production build / Chromium / path・commit・comment・walkthrough固有データ,acceptance,review-flow.spec.ts:1057 のユーザーフローを実行し、expect(fixtureIdentifier)を観測,expect(fixtureIdentifier).toBeVisible() が成立する,production buildのChromium full E2Eでassertion成立,passed,,,product code変更なし,full E2E 59/59,review-flow.spec.ts:1057,matcher=toBeVisible / 697 unique assertionsから51 flowsをround-robin抽出
UAT-028,e2e-observation,2026-08-16T16:20:00+09:00,2026-08-16T16:20:00+09:00,探索・検索,"searches while typing, groups occurrences, and reveals a result without changing display mode",fixture PR / production build / Chromium / path・commit・comment・walkthrough固有データ,acceptance,"review-flow.spec.ts:1101 のユーザーフローを実行し、expect(page.getByRole(""button"", { name: ""検索"", exact: true }))を観測","expect(page.getByRole(""button"", { name: ""検索"", exact: true })).toHaveAttribute( ""aria-expanded"", ""true"", ) が成立する",production buildのChromium full E2Eでassertion成立,passed,,,product code変更なし,full E2E 59/59,review-flow.spec.ts:1101,matcher=toHaveAttribute / 697 unique assertionsから51 flowsをround-robin抽出
UAT-029,e2e-observation,2026-08-16T16:20:00+09:00,2026-08-16T16:20:00+09:00,アクセシビリティ・表示,keeps every sidebar stack heading visible in a short viewport,fixture PR / production build / Chromium / path・commit・comment・walkthrough固有データ,acceptance,"review-flow.spec.ts:1177 のユーザーフローを実行し、expect(page.getByRole(""heading"", { name: ""Fixture review"" }))を観測","expect(page.getByRole(""heading"", { name: ""Fixture review"" })).toBeVisible() が成立する",production buildのChromium full E2Eでassertion成立,passed,,,product code変更なし,full E2E 59/59,review-flow.spec.ts:1177,matcher=toBeVisible / 697 unique assertionsから51 flowsをround-robin抽出
UAT-030,e2e-observation,2026-08-16T16:20:00+09:00,2026-08-16T16:20:00+09:00,起動・統合フロー,keeps useful minimum heights while sizing expanded sidebar stacks by content,fixture PR / production build / Chromium / path・commit・comment・walkthrough固有データ,acceptance,"review-flow.spec.ts:1204 のユーザーフローを実行し、expect(page.getByRole(""button"", { name: ""ウォークスルー 5"" }))を観測","expect(page.getByRole(""button"", { name: ""ウォークスルー 5"" })).toBeVisible() が成立する",production buildのChromium full E2Eでassertion成立,passed,,,product code変更なし,full E2E 59/59,review-flow.spec.ts:1204,matcher=toBeVisible / 697 unique assertionsから51 flowsをround-robin抽出
UAT-031,e2e-observation,2026-08-16T16:20:00+09:00,2026-08-16T16:20:00+09:00,タブ・2ペイン,opens a fuzzy-matched file from Cmd/Ctrl+P in the active pane,fixture PR / production build / Chromium / path・commit・comment・walkthrough固有データ,acceptance,"review-flow.spec.ts:1222 のユーザーフローを実行し、expect(page.getByRole(""button"", { name: ""src/new.ts"", exact: true }))を観測","expect(page.getByRole(""button"", { name: ""src/new.ts"", exact: true })).toBeVisible() が成立する",production buildのChromium full E2Eでassertion成立,passed,,,product code変更なし,full E2E 59/59,review-flow.spec.ts:1222,matcher=toBeVisible / 697 unique assertionsから51 flowsをround-robin抽出
UAT-032,e2e-observation,2026-08-16T16:20:00+09:00,2026-08-16T16:20:00+09:00,タブ・2ペイン,registers the browser document and releases it when the tab closes,fixture PR / production build / Chromium / path・commit・comment・walkthrough固有データ,acceptance,"review-flow.spec.ts:1267 のユーザーフローを実行し、expect .poll(async () => { const response = (await (await request.get(""/api/test/viewers"")).json()) as { activeViewers: string[]; }; viewerId = response.activeViewers.find((id) => !existingViewers.has(id)) ?? """"; return viewerId; })を観測","expect .poll(async () => { const response = (await (await request.get(""/api/test/viewers"")).json()) as { activeViewers: string[]; }; viewerId = response.activeViewers.find((id) => !existingViewers.has(id)) ?? """"; return viewerId; }) .toMatch(/^[0-9a-f-]{36}$/i) が成立する",production buildのChromium full E2Eでassertion成立,passed,,,product code変更なし,full E2E 59/59,review-flow.spec.ts:1267,matcher=toMatch / 697 unique assertionsから51 flowsをround-robin抽出
UAT-033,e2e-observation,2026-08-16T16:20:00+09:00,2026-08-16T16:20:00+09:00,タブ・2ペイン,closes other or all tabs within the selected pane,fixture PR / production build / Chromium / path・commit・comment・walkthrough固有データ,acceptance,"review-flow.spec.ts:1303 のユーザーフローを実行し、expect(leftPane.getByRole(""tab""))を観測","expect(leftPane.getByRole(""tab"")).toHaveCount(3) が成立する",production buildのChromium full E2Eでassertion成立,passed,,,product code変更なし,full E2E 59/59,review-flow.spec.ts:1303,matcher=toHaveCount / 697 unique assertionsから51 flowsをround-robin抽出
UAT-034,e2e-observation,2026-08-16T16:20:00+09:00,2026-08-16T16:20:00+09:00,文書閲覧,keeps a large all-files tree responsive while documents open and close,fixture PR / production build / Chromium / path・commit・comment・walkthrough固有データ,acceptance,review-flow.spec.ts:1352 のユーザーフローを実行し、expect(virtualTree)を観測,"expect(virtualTree).toHaveAttribute(""data-virtualized"", ""true"") が成立する",production buildのChromium full E2Eでassertion成立,passed,,,product code変更なし,full E2E 59/59,review-flow.spec.ts:1352,matcher=toHaveAttribute / 697 unique assertionsから51 flowsをround-robin抽出
UAT-035,e2e-observation,2026-08-16T16:20:00+09:00,2026-08-16T16:20:00+09:00,commit範囲・diff,uses the comparison base for a PR range starting with a merge-back commit,fixture PR / production build / Chromium / path・commit・comment・walkthrough固有データ,acceptance,"uat-regressions.spec.ts:38 のユーザーフローを実行し、expect(page.getByRole(""button"", { name: /^対象commit:/ }))を観測","expect(page.getByRole(""button"", { name: /^対象commit:/ })).toBeVisible() が成立する",production buildのChromium full E2Eでassertion成立,passed,,,product code変更なし,full E2E 59/59,uat-regressions.spec.ts:38,matcher=toBeVisible / 697 unique assertionsから51 flowsをround-robin抽出
UAT-036,e2e-observation,2026-08-16T16:20:00+09:00,2026-08-16T16:20:00+09:00,探索・検索,uses path-specific fixture documents and a complete search index,fixture PR / production build / Chromium / path・commit・comment・walkthrough固有データ,acceptance,uat-regressions.spec.ts:47 のユーザーフローを実行し、expect(readmeDiff.ok())を観測,expect(readmeDiff.ok()).toBe(true) が成立する,production buildのChromium full E2Eでassertion成立,passed,,,product code変更なし,full E2E 59/59,uat-regressions.spec.ts:47,matcher=toBe / 697 unique assertionsから51 flowsをround-robin抽出
UAT-037,e2e-observation,2026-08-16T16:20:00+09:00,2026-08-16T16:20:00+09:00,障害復旧・同期,rejects malformed and unknown pull request IDs,fixture PR / production build / Chromium / path・commit・comment・walkthrough固有データ,acceptance,"uat-regressions.spec.ts:97 のユーザーフローを実行し、expect( page.getByText(""Pull Request IDの形式が正しくありません。"", { exact: false }), )を観測","expect( page.getByText(""Pull Request IDの形式が正しくありません。"", { exact: false }), ).toBeVisible() が成立する",production buildのChromium full E2Eでassertion成立,passed,,,product code変更なし,full E2E 59/59,uat-regressions.spec.ts:97,matcher=toBeVisible / 697 unique assertionsから51 flowsをround-robin抽出
UAT-038,e2e-observation,2026-08-16T16:20:00+09:00,2026-08-16T16:20:00+09:00,探索・検索,restores focus to the actions button after Quick Open is closed from its menu,fixture PR / production build / Chromium / path・commit・comment・walkthrough固有データ,acceptance,uat-regressions.spec.ts:120 のユーザーフローを実行し、expect(quickOpenInput)を観測,expect(quickOpenInput).toBeFocused() が成立する,production buildのChromium full E2Eでassertion成立,passed,,,product code変更なし,full E2E 59/59,uat-regressions.spec.ts:120,matcher=toBeFocused / 697 unique assertionsから51 flowsをround-robin抽出
UAT-039,e2e-observation,2026-08-16T16:20:00+09:00,2026-08-16T16:20:00+09:00,コメント,discards in-memory comment drafts after a confirmed reset,fixture PR / production build / Chromium / path・commit・comment・walkthrough固有データ,acceptance,uat-regressions.spec.ts:284 のユーザーフローを実行し、expect(viewResponse.ok())を観測,expect(viewResponse.ok()).toBe(true) が成立する,production buildのChromium full E2Eでassertion成立,passed,,,product code変更なし,full E2E 59/59,uat-regressions.spec.ts:284,matcher=toBe / 697 unique assertionsから51 flowsをround-robin抽出
UAT-040,e2e-observation,2026-08-16T16:20:00+09:00,2026-08-16T16:20:00+09:00,文書閲覧,distinguishes virtual and repository documents with the same path,fixture PR / production build / Chromium / path・commit・comment・walkthrough固有データ,acceptance,"uat-regressions.spec.ts:431 のユーザーフローを実行し、expect(palette.getByRole(""option"", { name: /Pull Request\.md（PR本文）/ }))を観測","expect(palette.getByRole(""option"", { name: /Pull Request\.md（PR本文）/ })).toBeVisible() が成立する",production buildのChromium full E2Eでassertion成立,passed,,,product code変更なし,full E2E 59/59,uat-regressions.spec.ts:431,matcher=toBeVisible / 697 unique assertionsから51 flowsをround-robin抽出
UAT-041,e2e-observation,2026-08-16T16:20:00+09:00,2026-08-16T16:20:00+09:00,障害復旧・同期,keeps cached review content and explains how to recover from server loss,fixture PR / production build / Chromium / path・commit・comment・walkthrough固有データ,acceptance,uat-regressions.spec.ts:605 のユーザーフローを実行し、expect(pullRequestTitle)を観測,expect(pullRequestTitle).toBeVisible() が成立する,production buildのChromium full E2Eでassertion成立,passed,,,product code変更なし,full E2E 59/59,uat-regressions.spec.ts:605,matcher=toBeVisible / 697 unique assertionsから51 flowsをround-robin抽出
UAT-042,e2e-observation,2026-08-16T16:20:00+09:00,2026-08-16T16:20:00+09:00,コメント,enriches PR Markdown comment targets like the production service,fixture PR / production build / Chromium / path・commit・comment・walkthrough固有データ,acceptance,uat-regressions.spec.ts:639 のユーザーフローを実行し、expect(response.ok())を観測,expect(response.ok()).toBe(true) が成立する,production buildのChromium full E2Eでassertion成立,passed,,,product code変更なし,full E2E 59/59,uat-regressions.spec.ts:639,matcher=toBe / 697 unique assertionsから51 flowsをround-robin抽出
UAT-043,e2e-observation,2026-08-16T16:20:00+09:00,2026-08-16T16:20:00+09:00,コメント,allows file-level comments while line comments stay unavailable for binary files,fixture PR / production build / Chromium / path・commit・comment・walkthrough固有データ,acceptance,"uat-regressions.spec.ts:657 のユーザーフローを実行し、expect(page.getByText(""非UTF-8またはbinaryのため本文を表示できません。""))を観測","expect(page.getByText(""非UTF-8またはbinaryのため本文を表示できません。"")).toBeVisible() が成立する",production buildのChromium full E2Eでassertion成立,passed,,,product code変更なし,full E2E 59/59,uat-regressions.spec.ts:657,matcher=toBeVisible / 697 unique assertionsから51 flowsをround-robin抽出
UAT-044,e2e-observation,2026-08-16T16:20:00+09:00,2026-08-16T16:20:00+09:00,障害復旧・同期,shows a recoverable error when the lazy document viewer cannot load,fixture PR / production build / Chromium / path・commit・comment・walkthrough固有データ,acceptance,"uat-regressions.spec.ts:674 のユーザーフローを実行し、expect( page.getByText(""文書ビューアーを読み込めませんでした。"", { exact: true }), )を観測","expect( page.getByText(""文書ビューアーを読み込めませんでした。"", { exact: true }), ).toBeVisible() が成立する",production buildのChromium full E2Eでassertion成立,passed,,,product code変更なし,full E2E 59/59,uat-regressions.spec.ts:674,matcher=toBeVisible / 697 unique assertionsから51 flowsをround-robin抽出
UAT-045,e2e-observation,2026-08-16T16:20:00+09:00,2026-08-16T16:20:00+09:00,タブ・2ペイン,defaults Markdown to preview and preserves an explicit mode per document tab,fixture PR / production build / Chromium / path・commit・comment・walkthrough固有データ,acceptance,"uat-regressions.spec.ts:692 のユーザーフローを実行し、expect(page.locator(""diffs-container""))を観測","expect(page.locator(""diffs-container"")).toBeVisible() が成立する",production buildのChromium full E2Eでassertion成立,passed,,,product code変更なし,full E2E 59/59,uat-regressions.spec.ts:692,matcher=toBeVisible / 697 unique assertionsから51 flowsをround-robin抽出
UAT-046,e2e-observation,2026-08-16T16:20:00+09:00,2026-08-16T16:20:00+09:00,タブ・2ペイン,keeps full and diff file headers directly below the sticky document tabs,fixture PR / production build / Chromium / path・commit・comment・walkthrough固有データ,acceptance,"uat-regressions.spec.ts:722 のユーザーフローを実行し、expect(diff.locator(""[data-diffs-header][data-sticky]""))を観測","expect(diff.locator(""[data-diffs-header][data-sticky]"")).toBeVisible() が成立する",production buildのChromium full E2Eでassertion成立,passed,,,product code変更なし,full E2E 59/59,uat-regressions.spec.ts:722,matcher=toBeVisible / 697 unique assertionsから51 flowsをround-robin抽出
UAT-047,e2e-observation,2026-08-16T16:20:00+09:00,2026-08-16T16:20:00+09:00,タブ・2ペイン,starts a newly activated document at the top of its pane,fixture PR / production build / Chromium / path・commit・comment・walkthrough固有データ,acceptance,"uat-regressions.spec.ts:763 のユーザーフローを実行し、expect(longDocument.locator('[data-line=""42""]'))を観測","expect(longDocument.locator('[data-line=""42""]')).toBeVisible() が成立する",production buildのChromium full E2Eでassertion成立,passed,,,product code変更なし,full E2E 59/59,uat-regressions.spec.ts:763,matcher=toBeVisible / 697 unique assertionsから51 flowsをround-robin抽出
UAT-048,e2e-observation,2026-08-16T16:20:00+09:00,2026-08-16T16:20:00+09:00,コメント,reopens an inline thread consistently after it changes while unmounted,fixture PR / production build / Chromium / path・commit・comment・walkthrough固有データ,acceptance,uat-regressions.spec.ts:811 のユーザーフローを実行し、expect(created.ok())を観測,expect(created.ok()).toBe(true) が成立する,production buildのChromium full E2Eでassertion成立,passed,,,product code変更なし,full E2E 59/59,uat-regressions.spec.ts:811,matcher=toBe / 697 unique assertionsから51 flowsをround-robin抽出
UAT-049,e2e-observation,2026-08-16T16:20:00+09:00,2026-08-16T16:20:00+09:00,文書閲覧,explains that full view is unavailable for a deleted file,fixture PR / production build / Chromium / path・commit・comment・walkthrough固有データ,acceptance,"uat-regressions.spec.ts:838 のユーザーフローを実行し、expect(page.getByText(""全文は利用できません"", { exact: false }))を観測","expect(page.getByText(""全文は利用できません"", { exact: false })).toBeVisible() が成立する",production buildのChromium full E2Eでassertion成立,passed,,,product code変更なし,full E2E 59/59,uat-regressions.spec.ts:838,matcher=toBeVisible / 697 unique assertionsから51 flowsをround-robin抽出
UAT-050,e2e-observation,2026-08-16T16:20:00+09:00,2026-08-16T16:20:00+09:00,タブ・2ペイン,keeps activated overflow tabs visible and supports tablist arrow keys,fixture PR / production build / Chromium / path・commit・comment・walkthrough固有データ,acceptance,uat-regressions.spec.ts:863 のユーザーフローを実行し、expect(activeLastTab)を観測,"expect(activeLastTab).toHaveAttribute(""aria-selected"", ""true"") が成立する",production buildのChromium full E2Eでassertion成立,passed,,,product code変更なし,full E2E 59/59,uat-regressions.spec.ts:863,matcher=toHaveAttribute / 697 unique assertionsから51 flowsをround-robin抽出
UAT-051,e2e-observation,2026-08-16T16:20:00+09:00,2026-08-16T16:20:00+09:00,タブ・2ペイン,keeps both panes reachable inside a 640px viewport,fixture PR / production build / Chromium / path・commit・comment・walkthrough固有データ,acceptance,uat-regressions.spec.ts:910 のユーザーフローを実行し、expect(dimensions.scrollWidth)を観測,expect(dimensions.scrollWidth).toBeGreaterThan(dimensions.clientWidth) が成立する,production buildのChromium full E2Eでassertion成立,passed,,,product code変更なし,full E2E 59/59,uat-regressions.spec.ts:910,matcher=toBeGreaterThan / 697 unique assertionsから51 flowsをround-robin抽出
UAT-052,e2e-observation,2026-08-16T16:20:00+09:00,2026-08-16T16:20:00+09:00,アクセシビリティ・表示,keeps every top bar control inside a 640px viewport,fixture PR / production build / Chromium / path・commit・comment・walkthrough固有データ,acceptance,uat-regressions.spec.ts:934 のユーザーフローを実行し、expect(dimensions.scrollWidth)を観測,expect(dimensions.scrollWidth).toBe(dimensions.clientWidth) が成立する,production buildのChromium full E2Eでassertion成立,passed,,,product code変更なし,full E2E 59/59,uat-regressions.spec.ts:934,matcher=toBe / 697 unique assertionsから51 flowsをround-robin抽出
UAT-053,e2e-observation,2026-08-16T16:20:00+09:00,2026-08-16T16:20:00+09:00,ウォークスルー,keeps the beginning of code visible after narrow reference navigation,fixture PR / production build / Chromium / path・commit・comment・walkthrough固有データ,acceptance,"uat-regressions.spec.ts:958 のユーザーフローを実行し、expect(diff.locator('[data-line=""10""][data-editor-active-line]'))を観測","expect(diff.locator('[data-line=""10""][data-editor-active-line]')).toBeVisible() が成立する",production buildのChromium full E2Eでassertion成立,passed,,,product code変更なし,full E2E 59/59,uat-regressions.spec.ts:958,matcher=toBeVisible / 697 unique assertionsから51 flowsをround-robin抽出
UAT-054,e2e-observation,2026-08-16T16:20:00+09:00,2026-08-16T16:20:00+09:00,ウォークスルー,keeps agent explanation passive until a human opens an exact code reference,fixture PR / production build / Chromium / path・commit・comment・walkthrough固有データ,acceptance,"walkthrough.spec.ts:51 のユーザーフローを実行し、expect(page.getByRole(""heading"", { name: ""Fixture review updated"" }))を観測","expect(page.getByRole(""heading"", { name: ""Fixture review updated"" })).toBeVisible() が成立する",production buildのChromium full E2Eでassertion成立,passed,,,product code変更なし,full E2E 59/59,walkthrough.spec.ts:51,matcher=toBeVisible / 697 unique assertionsから51 flowsをround-robin抽出
UAT-055,e2e-observation,2026-08-16T16:20:00+09:00,2026-08-16T16:20:00+09:00,ウォークスルー,falls back to full text for an unchanged file opened from a Walkthrough reference,fixture PR / production build / Chromium / path・commit・comment・walkthrough固有データ,acceptance,walkthrough.spec.ts:267 のユーザーフローを実行し、expect(displayDiffButton)を観測,"expect(displayDiffButton).toHaveAttribute(""aria-pressed"", ""true"") が成立する",production buildのChromium full E2Eでassertion成立,passed,,,product code変更なし,full E2E 59/59,walkthrough.spec.ts:267,matcher=toHaveAttribute / 697 unique assertionsから51 flowsをround-robin抽出
UAT-056,e2e-observation,2026-08-16T16:20:00+09:00,2026-08-16T16:20:00+09:00,ウォークスルー,keeps the PR range while switching a Walkthrough reference diff to split,fixture PR / production build / Chromium / path・commit・comment・walkthrough固有データ,acceptance,walkthrough.spec.ts:351 のユーザーフローを実行し、expect(initialCommitSelection).notを観測,expect(initialCommitSelection).not.toBeNull() が成立する,production buildのChromium full E2Eでassertion成立,passed,,,product code変更なし,full E2E 59/59,walkthrough.spec.ts:351,matcher=toBeNull / 697 unique assertionsから51 flowsをround-robin抽出
UAT-057,e2e-observation,2026-08-16T16:20:00+09:00,2026-08-16T16:20:00+09:00,ウォークスルー,keeps the review scope and reports a broken Walkthrough reference temporarily,fixture PR / production build / Chromium / path・commit・comment・walkthrough固有データ,acceptance,walkthrough.spec.ts:410 のユーザーフローを実行し、expect(initialCommitSelection).notを観測,expect(initialCommitSelection).not.toBeNull() が成立する,production buildのChromium full E2Eでassertion成立,passed,,,product code変更なし,full E2E 59/59,walkthrough.spec.ts:410,matcher=toBeNull / 697 unique assertionsから51 flowsをround-robin抽出
UAT-058,e2e-observation,2026-08-16T16:20:00+09:00,2026-08-16T16:20:00+09:00,ウォークスルー,reports a Walkthrough reference load failure without calling it a broken link,fixture PR / production build / Chromium / path・commit・comment・walkthrough固有データ,acceptance,walkthrough.spec.ts:446 のユーザーフローを実行し、expect(notice)を観測,expect(notice).toHaveText(`参照先を開けません · ${unavailablePath}`) が成立する,production buildのChromium full E2Eでassertion成立,passed,,,product code変更なし,full E2E 59/59,walkthrough.spec.ts:446,matcher=toHaveText / 697 unique assertionsから51 flowsをround-robin抽出
UAT-059,e2e-observation,2026-08-16T16:20:00+09:00,2026-08-16T16:20:00+09:00,コメント,resolves concurrent Walkthrough references independently in each pane,fixture PR / production build / Chromium / path・commit・comment・walkthrough固有データ,acceptance,"walkthrough.spec.ts:485 のユーザーフローを実行し、expect( page .locator('.document-pane[data-pane=""left""]') .getByRole(""tab"", { name: ""src/http/routes/orders.ts"" }), )を観測","expect( page .locator('.document-pane[data-pane=""left""]') .getByRole(""tab"", { name: ""src/http/routes/orders.ts"" }), ).toHaveAttribute(""aria-selected"", ""true"") が成立する",production buildのChromium full E2Eでassertion成立,passed,,,product code変更なし,full E2E 59/59,walkthrough.spec.ts:485,matcher=toHaveAttribute / 697 unique assertionsから51 flowsをround-robin抽出
UAT-060,e2e-observation,2026-08-16T16:20:00+09:00,2026-08-16T16:20:00+09:00,ウォークスルー,does not let a delayed Walkthrough reference replace navigation that returned to its prior state,fixture PR / production build / Chromium / path・commit・comment・walkthrough固有データ,acceptance,"walkthrough.spec.ts:537 のユーザーフローを実行し、expect(rightPane.getByRole(""tab"", { name: ""src/fixture.ts"" }))を観測","expect(rightPane.getByRole(""tab"", { name: ""src/fixture.ts"" })).toHaveAttribute( ""aria-selected"", ""true"", ) が成立する",production buildのChromium full E2Eでassertion成立,passed,,,product code変更なし,full E2E 59/59,walkthrough.spec.ts:537,matcher=toHaveAttribute / 697 unique assertionsから51 flowsをround-robin抽出
UAT-061,e2e-observation,2026-08-16T16:20:00+09:00,2026-08-16T16:20:00+09:00,ウォークスルー,moves document tabs between at most two panes and previews repository Markdown,fixture PR / production build / Chromium / path・commit・comment・walkthrough固有データ,acceptance,"walkthrough.spec.ts:570 のユーザーフローを実行し、expect(sidebarStackLabels.map((label) => label.replace(/\s+/g, """").replace(/\d+$/, """")))を観測","expect(sidebarStackLabels.map((label) => label.replace(/\s+/g, """").replace(/\d+$/, """"))).toEqual([ ""ファイル"", ""検索"", ""コメント"", ""ウォークスルー"", ]) が成立する",production buildのChromium full E2Eでassertion成立,passed,,,product code変更なし,full E2E 59/59,walkthrough.spec.ts:570,matcher=toEqual / 697 unique assertionsから51 flowsをround-robin抽出
UAT-062,e2e-observation,2026-08-16T16:20:00+09:00,2026-08-16T16:20:00+09:00,ウォークスルー,"keeps native Markdown pointer selection stable across headings, tables, and code",fixture PR / production build / Chromium / path・commit・comment・walkthrough固有データ,acceptance,"walkthrough.spec.ts:878 のユーザーフローを実行し、expect(page.locator("".markdown-selection-comment-action""))を観測","expect(page.locator("".markdown-selection-comment-action"")).toHaveCount(0) が成立する",production buildのChromium full E2Eでassertion成立,passed,,,product code変更なし,full E2E 59/59,walkthrough.spec.ts:878,matcher=toHaveCount / 697 unique assertionsから51 flowsをround-robin抽出
UAT-063,e2e-observation,2026-08-16T16:20:00+09:00,2026-08-16T16:20:00+09:00,ウォークスルー,keeps walkthrough Markdown selection stable on the first interaction,fixture PR / production build / Chromium / path・commit・comment・walkthrough固有データ,acceptance,"walkthrough.spec.ts:928 のユーザーフローを実行し、expect(page.locator("".markdown-selection-comment-action""))を観測","expect(page.locator("".markdown-selection-comment-action"")).toHaveCount(0) が成立する",production buildのChromium full E2Eでassertion成立,passed,,,product code変更なし,full E2E 59/59,walkthrough.spec.ts:928,matcher=toHaveCount / 697 unique assertionsから51 flowsをround-robin抽出
UAT-064,e2e-observation,2026-08-16T16:20:00+09:00,2026-08-16T16:20:00+09:00,ウォークスルー,renders a class diagram with code-bound classes,fixture PR / production build / Chromium / path・commit・comment・walkthrough固有データ,acceptance,"walkthrough.spec.ts:958 のユーザーフローを実行し、expect(page.locator("".walkthrough-diagram svg""))を観測","expect(page.locator("".walkthrough-diagram svg"")).toBeVisible() が成立する",production buildのChromium full E2Eでassertion成立,passed,,,product code変更なし,full E2E 59/59,walkthrough.spec.ts:958,matcher=toBeVisible / 697 unique assertionsから51 flowsをround-robin抽出
UAT-065,e2e-observation,2026-08-16T16:20:00+09:00,2026-08-16T16:20:00+09:00,コメント,renders the Markdown walkthrough showcase and keeps every expression commentable,fixture PR / production build / Chromium / path・commit・comment・walkthrough固有データ,acceptance,"walkthrough.spec.ts:991 のユーザーフローを実行し、expect(page.getByRole(""tab"", { name: markdownShowcase }))を観測","expect(page.getByRole(""tab"", { name: markdownShowcase })).toHaveAttribute( ""aria-selected"", ""true"", ) が成立する",production buildのChromium full E2Eでassertion成立,passed,,,product code変更なし,full E2E 59/59,walkthrough.spec.ts:991,matcher=toHaveAttribute / 697 unique assertionsから51 flowsをround-robin抽出
UAT-066,e2e-observation,2026-08-16T16:20:00+09:00,2026-08-16T16:20:00+09:00,コメント,keeps Markdown comment menus reachable across narrow viewports,fixture PR / production build / Chromium / path・commit・comment・walkthrough固有データ,acceptance,walkthrough.spec.ts:1130 のユーザーフローを実行し、expect(commentId).notを観測,expect(commentId).not.toBeNull() が成立する,production buildのChromium full E2Eでassertion成立,passed,,,product code変更なし,full E2E 59/59,walkthrough.spec.ts:1130,matcher=toBeNull / 697 unique assertionsから51 flowsをround-robin抽出
UAT-067,e2e-observation,2026-08-16T16:20:00+09:00,2026-08-16T16:20:00+09:00,コメント,normalizes mixed Markdown selections and ignores comment UI text,fixture PR / production build / Chromium / path・commit・comment・walkthrough固有データ,acceptance,"walkthrough.spec.ts:1154 のユーザーフローを実行し、expect(page.locator("".walkthrough-diagram-shell svg""))を観測","expect(page.locator("".walkthrough-diagram-shell svg"")).toHaveCount(2) が成立する",production buildのChromium full E2Eでassertion成立,passed,,,product code変更なし,full E2E 59/59,walkthrough.spec.ts:1154,matcher=toHaveCount / 697 unique assertionsから51 flowsをround-robin抽出
UAT-068,e2e-observation,2026-08-16T16:20:00+09:00,2026-08-16T16:20:00+09:00,ウォークスルー,resizes the sidebar and two reading panes with pointer drag,fixture PR / production build / Chromium / path・commit・comment・walkthrough固有データ,acceptance,walkthrough.spec.ts:1251 のユーザーフローを実行し、expect(sidebarBefore).notを観測,expect(sidebarBefore).not.toBeNull() が成立する,production buildのChromium full E2Eでassertion成立,passed,,,product code変更なし,full E2E 59/59,walkthrough.spec.ts:1251,matcher=toBeNull / 697 unique assertionsから51 flowsをround-robin抽出
UAT-069,e2e-observation,2026-08-16T16:20:00+09:00,2026-08-16T16:20:00+09:00,ウォークスルー,keeps readable minimum widths on a narrow viewport,fixture PR / production build / Chromium / path・commit・comment・walkthrough固有データ,acceptance,walkthrough.spec.ts:1304 のユーザーフローを実行し、expect(singlePaneLayout.mainWidth)を観測,expect(singlePaneLayout.mainWidth).toBeGreaterThanOrEqual(500) が成立する,production buildのChromium full E2Eでassertion成立,passed,,,product code変更なし,full E2E 59/59,walkthrough.spec.ts:1304,matcher=toBeGreaterThanOrEqual / 697 unique assertionsから51 flowsをround-robin抽出
UAT-070,e2e-observation,2026-08-16T16:20:00+09:00,2026-08-16T16:20:00+09:00,ウォークスルー,refreshes an open walkthrough in place after an agent update,fixture PR / production build / Chromium / path・commit・comment・walkthrough固有データ,acceptance,"walkthrough.spec.ts:1340 のユーザーフローを実行し、expect(page.getByRole(""tab"", { name: originalTitle }))を観測","expect(page.getByRole(""tab"", { name: originalTitle })).toHaveAttribute( ""aria-selected"", ""true"", ) が成立する",production buildのChromium full E2Eでassertion成立,passed,,,product code変更なし,full E2E 59/59,walkthrough.spec.ts:1340,matcher=toHaveAttribute / 697 unique assertionsから51 flowsをround-robin抽出
UAT-071,e2e-observation,2026-08-16T16:20:00+09:00,2026-08-16T16:20:00+09:00,コメント,comments on the walkthrough as a whole,fixture PR / production build / Chromium / path・commit・comment・walkthrough固有データ,acceptance,"walkthrough.spec.ts:1383 のユーザーフローを実行し、expect( walkthroughPane.getByText(""outboxの責務境界をもう少し説明してほしいです。""), )を観測","expect( walkthroughPane.getByText(""outboxの責務境界をもう少し説明してほしいです。""), ).toBeVisible() が成立する",production buildのChromium full E2Eでassertion成立,passed,,,product code変更なし,full E2E 59/59,walkthrough.spec.ts:1383,matcher=toBeVisible / 697 unique assertionsから51 flowsをround-robin抽出
UAT-072,e2e-observation,2026-08-16T16:20:00+09:00,2026-08-16T16:20:00+09:00,コメント,comments on selected walkthrough lines and marks them Outdated after replacement,fixture PR / production build / Chromium / path・commit・comment・walkthrough固有データ,acceptance,walkthrough.spec.ts:1419 のユーザーフローを実行し、expect(explanationLine)を観測,expect(explanationLine).toHaveCount(1) が成立する,production buildのChromium full E2Eでassertion成立,passed,,,product code変更なし,full E2E 59/59,walkthrough.spec.ts:1419,matcher=toHaveCount / 697 unique assertionsから51 flowsをround-robin抽出
UAT-073,e2e-observation,2026-08-16T16:20:00+09:00,2026-08-16T16:20:00+09:00,ウォークスルー,deletes an unnecessary walkthrough and its whole-document feedback after confirmation,fixture PR / production build / Chromium / path・commit・comment・walkthrough固有データ,acceptance,walkthrough.spec.ts:1575 のユーザーフローを実行し、expect(page.getByText(feedback).first())を観測,expect(page.getByText(feedback).first()).toBeVisible() が成立する,production buildのChromium full E2Eでassertion成立,passed,,,product code変更なし,full E2E 59/59,walkthrough.spec.ts:1575,matcher=toBeVisible / 697 unique assertionsから51 flowsをround-robin抽出
UAT-074,e2e-observation,2026-08-16T16:20:00+09:00,2026-08-16T16:20:00+09:00,コメント,"reviews a line across commits, preserves the tabbed UI, and resolves it",fixture PR / production build / Chromium / path・commit・comment・walkthrough固有データ,acceptance,review-flow.spec.ts:14 のユーザーフローを実行し、expect(page)を観測,expect(page).toHaveTitle(/^rvw: Fixture review(?: updated)?$/) が成立する,production buildのChromium full E2Eでassertion成立,passed,,,product code変更なし,full E2E 59/59,review-flow.spec.ts:14,matcher=toHaveTitle / 697 unique assertionsから51 flowsをround-robin抽出
UAT-075,e2e-observation,2026-08-16T16:20:00+09:00,2026-08-16T16:20:00+09:00,コメント,keeps a comment on the current PR body placed with its saved hash and quote,fixture PR / production build / Chromium / path・commit・comment・walkthrough固有データ,acceptance,review-flow.spec.ts:825 のユーザーフローを実行し、expect(created.comment.target.sourceDocumentHash)を観測,expect(created.comment.target.sourceDocumentHash).toMatch(/^[0-9a-f]{64}$/) が成立する,production buildのChromium full E2Eでassertion成立,passed,,,product code変更なし,full E2E 59/59,review-flow.spec.ts:825,matcher=toMatch / 697 unique assertionsから51 flowsをround-robin抽出
UAT-076,e2e-observation,2026-08-16T16:20:00+09:00,2026-08-16T16:20:00+09:00,コメント,keeps PR body preview comments interactive and stacks collapsed source menus without layout shifts,fixture PR / production build / Chromium / path・commit・comment・walkthrough固有データ,acceptance,review-flow.spec.ts:870 のユーザーフローを実行し、expect(createUpperResponse.ok())を観測,expect(createUpperResponse.ok()).toBe(true) が成立する,production buildのChromium full E2Eでassertion成立,passed,,,product code変更なし,full E2E 59/59,review-flow.spec.ts:870,matcher=toBe / 697 unique assertionsから51 flowsをround-robin抽出
UAT-077,e2e-observation,2026-08-16T16:20:00+09:00,2026-08-16T16:20:00+09:00,アクセシビリティ・表示,restores the shared theme after browser storage is cleared,fixture PR / production build / Chromium / path・commit・comment・walkthrough固有データ,acceptance,"review-flow.spec.ts:1018 のユーザーフローを実行し、expect(page.locator(""html""))を観測","expect(page.locator(""html"")).toHaveAttribute(""data-theme"", ""dark"") が成立する",production buildのChromium full E2Eでassertion成立,passed,,,product code変更なし,full E2E 59/59,review-flow.spec.ts:1018,matcher=toHaveAttribute / 697 unique assertionsから51 flowsをround-robin抽出
UAT-078,e2e-observation,2026-08-16T16:20:00+09:00,2026-08-16T16:20:00+09:00,起動・統合フロー,selects and copies code text with native browser selection,fixture PR / production build / Chromium / path・commit・comment・walkthrough固有データ,acceptance,"review-flow.spec.ts:1061 のユーザーフローを実行し、expect .poll(async () => diff.evaluate((element) => element.ownerDocument.getSelection()?.toString() ?? """"), )を観測","expect .poll(async () => diff.evaluate((element) => element.ownerDocument.getSelection()?.toString() ?? """"), ) .toBe(""fixture"") が成立する",production buildのChromium full E2Eでassertion成立,passed,,,product code変更なし,full E2E 59/59,review-flow.spec.ts:1061,matcher=toBe / 697 unique assertionsから51 flowsをround-robin抽出
UAT-079,e2e-observation,2026-08-16T16:20:00+09:00,2026-08-16T16:20:00+09:00,探索・検索,"searches while typing, groups occurrences, and reveals a result without changing display mode",fixture PR / production build / Chromium / path・commit・comment・walkthrough固有データ,acceptance,review-flow.spec.ts:1109 のユーザーフローを実行し、expect(displayDiffButton)を観測,"expect(displayDiffButton).toHaveAttribute(""aria-pressed"", ""true"") が成立する",production buildのChromium full E2Eでassertion成立,passed,,,product code変更なし,full E2E 59/59,review-flow.spec.ts:1109,matcher=toHaveAttribute / 697 unique assertionsから51 flowsをround-robin抽出
UAT-080,e2e-observation,2026-08-16T16:20:00+09:00,2026-08-16T16:20:00+09:00,アクセシビリティ・表示,keeps every sidebar stack heading visible in a short viewport,fixture PR / production build / Chromium / path・commit・comment・walkthrough固有データ,acceptance,review-flow.spec.ts:1180 のユーザーフローを実行し、expect(stackToggles)を観測,expect(stackToggles).toHaveCount(4) が成立する,production buildのChromium full E2Eでassertion成立,passed,,,product code変更なし,full E2E 59/59,review-flow.spec.ts:1180,matcher=toHaveCount / 697 unique assertionsから51 flowsをround-robin抽出
UAT-081,e2e-observation,2026-08-16T16:20:00+09:00,2026-08-16T16:20:00+09:00,起動・統合フロー,keeps useful minimum heights while sizing expanded sidebar stacks by content,fixture PR / production build / Chromium / path・commit・comment・walkthrough固有データ,acceptance,"review-flow.spec.ts:1214 のユーザーフローを実行し、expect(heightByKind.get(""sidebar-stack--files""))を観測","expect(heightByKind.get(""sidebar-stack--files"")).toBeGreaterThanOrEqual(190) が成立する",production buildのChromium full E2Eでassertion成立,passed,,,product code変更なし,full E2E 59/59,review-flow.spec.ts:1214,matcher=toBeGreaterThanOrEqual / 697 unique assertionsから51 flowsをround-robin抽出
UAT-082,e2e-observation,2026-08-16T16:20:00+09:00,2026-08-16T16:20:00+09:00,タブ・2ペイン,opens a fuzzy-matched file from Cmd/Ctrl+P in the active pane,fixture PR / production build / Chromium / path・commit・comment・walkthrough固有データ,acceptance,review-flow.spec.ts:1227 のユーザーフローを実行し、expect(input)を観測,expect(input).toBeFocused() が成立する,production buildのChromium full E2Eでassertion成立,passed,,,product code変更なし,full E2E 59/59,review-flow.spec.ts:1227,matcher=toBeFocused / 697 unique assertionsから51 flowsをround-robin抽出
UAT-083,e2e-observation,2026-08-16T16:20:00+09:00,2026-08-16T16:20:00+09:00,タブ・2ペイン,registers the browser document and releases it when the tab closes,fixture PR / production build / Chromium / path・commit・comment・walkthrough固有データ,acceptance,"review-flow.spec.ts:1278 のユーザーフローを実行し、expect .poll(async () => { const response = (await (await request.get(""/api/test/viewers"")).json()) as { activeViewers: string[]; releasedViewers: string[]; }; return { active: response.activeViewers.includes(viewerId), released: response.releasedViewers.includes(viewerId), }; })を観測","expect .poll(async () => { const response = (await (await request.get(""/api/test/viewers"")).json()) as { activeViewers: string[]; releasedViewers: string[]; }; return { active: response.activeViewers.includes(viewerId), released: response.releasedViewers.includes(viewerId), }; }) .toEqual({ active: false, released: true }) が成立する",production buildのChromium full E2Eでassertion成立,passed,,,product code変更なし,full E2E 59/59,review-flow.spec.ts:1278,matcher=toEqual / 697 unique assertionsから51 flowsをround-robin抽出
UAT-084,e2e-observation,2026-08-16T16:20:00+09:00,2026-08-16T16:20:00+09:00,タブ・2ペイン,closes other or all tabs within the selected pane,fixture PR / production build / Chromium / path・commit・comment・walkthrough固有データ,acceptance,"review-flow.spec.ts:1306 のユーザーフローを実行し、expect(leftPane.getByRole(""tab""))を観測","expect(leftPane.getByRole(""tab"")).toHaveCount(1) が成立する",production buildのChromium full E2Eでassertion成立,passed,,,product code変更なし,full E2E 59/59,review-flow.spec.ts:1306,matcher=toHaveCount / 697 unique assertionsから51 flowsをround-robin抽出
UAT-085,e2e-observation,2026-08-16T16:20:00+09:00,2026-08-16T16:20:00+09:00,文書閲覧,keeps a large all-files tree responsive while documents open and close,fixture PR / production build / Chromium / path・commit・comment・walkthrough固有データ,acceptance,"review-flow.spec.ts:1353 のユーザーフローを実行し、expect .poll(async () => Number(await virtualTree.getAttribute(""data-file-tree-row-count"")))を観測","expect .poll(async () => Number(await virtualTree.getAttribute(""data-file-tree-row-count""))) .toBeGreaterThan(15_000) が成立する",production buildのChromium full E2Eでassertion成立,passed,,,product code変更なし,full E2E 59/59,review-flow.spec.ts:1353,matcher=toBeGreaterThan / 697 unique assertionsから51 flowsをround-robin抽出
UAT-086,e2e-observation,2026-08-16T16:20:00+09:00,2026-08-16T16:20:00+09:00,commit範囲・diff,uses the comparison base for a PR range starting with a merge-back commit,fixture PR / production build / Chromium / path・commit・comment・walkthrough固有データ,acceptance,uat-regressions.spec.ts:39 のユーザーフローを実行し、expect.poll(() => requestedOldOids.at(-1))を観測,expect.poll(() => requestedOldOids.at(-1)).toBe(comparisonBase) が成立する,production buildのChromium full E2Eでassertion成立,passed,,,product code変更なし,full E2E 59/59,uat-regressions.spec.ts:39,matcher=toBe / 697 unique assertionsから51 flowsをround-robin抽出
UAT-087,e2e-observation,2026-08-16T16:20:00+09:00,2026-08-16T16:20:00+09:00,探索・検索,uses path-specific fixture documents and a complete search index,fixture PR / production build / Chromium / path・commit・comment・walkthrough固有データ,acceptance,uat-regressions.spec.ts:51 のユーザーフローを実行し、expect(readmeBody.diff.old.text)を観測,"expect(readmeBody.diff.old.text).toContain(""# Orders service"") が成立する",production buildのChromium full E2Eでassertion成立,passed,,,product code変更なし,full E2E 59/59,uat-regressions.spec.ts:51,matcher=toContain / 697 unique assertionsから51 flowsをround-robin抽出
UAT-088,e2e-observation,2026-08-16T16:20:00+09:00,2026-08-16T16:20:00+09:00,障害復旧・同期,rejects malformed and unknown pull request IDs,fixture PR / production build / Chromium / path・commit・comment・walkthrough固有データ,acceptance,"uat-regressions.spec.ts:101 のユーザーフローを実行し、expect((await request.get(""/api/pull-requests/not-a-uuid"")).status())を観測","expect((await request.get(""/api/pull-requests/not-a-uuid"")).status()).toBe(400) が成立する",production buildのChromium full E2Eでassertion成立,passed,,,product code変更なし,full E2E 59/59,uat-regressions.spec.ts:101,matcher=toBe / 697 unique assertionsから51 flowsをround-robin抽出
UAT-089,e2e-observation,2026-08-16T16:20:00+09:00,2026-08-16T16:20:00+09:00,探索・検索,restores focus to the actions button after Quick Open is closed from its menu,fixture PR / production build / Chromium / path・commit・comment・walkthrough固有データ,acceptance,uat-regressions.spec.ts:122 のユーザーフローを実行し、expect(actionsButton)を観測,expect(actionsButton).toBeFocused() が成立する,production buildのChromium full E2Eでassertion成立,passed,,,product code変更なし,full E2E 59/59,uat-regressions.spec.ts:122,matcher=toBeFocused / 697 unique assertionsから51 flowsをround-robin抽出
UAT-090,e2e-observation,2026-08-16T16:20:00+09:00,2026-08-16T16:20:00+09:00,コメント,discards in-memory comment drafts after a confirmed reset,fixture PR / production build / Chromium / path・commit・comment・walkthrough固有データ,acceptance,uat-regressions.spec.ts:332 のユーザーフローを実行し、expect.poll(() => confirmedRequests)を観測,expect.poll(() => confirmedRequests).toBe(1) が成立する,production buildのChromium full E2Eでassertion成立,passed,,,product code変更なし,full E2E 59/59,uat-regressions.spec.ts:332,matcher=toBe / 697 unique assertionsから51 flowsをround-robin抽出
UAT-091,e2e-observation,2026-08-16T16:20:00+09:00,2026-08-16T16:20:00+09:00,文書閲覧,distinguishes virtual and repository documents with the same path,fixture PR / production build / Chromium / path・commit・comment・walkthrough固有データ,acceptance,"uat-regressions.spec.ts:436 のユーザーフローを実行し、expect( tablist.getByRole(""tab"", { name: ""Pull Request.md（PR本文）"", exact: true }), )を観測","expect( tablist.getByRole(""tab"", { name: ""Pull Request.md（PR本文）"", exact: true }), ).toContainText(""Pull Request.md · PR本文"") が成立する",production buildのChromium full E2Eでassertion成立,passed,,,product code変更なし,full E2E 59/59,uat-regressions.spec.ts:436,matcher=toContainText / 697 unique assertionsから51 flowsをround-robin抽出
UAT-092,e2e-observation,2026-08-16T16:20:00+09:00,2026-08-16T16:20:00+09:00,障害復旧・同期,keeps cached review content and explains how to recover from server loss,fixture PR / production build / Chromium / path・commit・comment・walkthrough固有データ,acceptance,"uat-regressions.spec.ts:611 のユーザーフローを実行し、expect( page.getByText( ""rvwのローカルサーバーに接続できません。表示済みの内容はそのまま保持されています。`rvw open`から起動し直してください。"", { exact: true }, ), )を観測","expect( page.getByText( ""rvwのローカルサーバーに接続できません。表示済みの内容はそのまま保持されています。`rvw open`から起動し直してください。"", { exact: true }, ), ).toBeVisible() が成立する",production buildのChromium full E2Eでassertion成立,passed,,,product code変更なし,full E2E 59/59,uat-regressions.spec.ts:611,matcher=toBeVisible / 697 unique assertionsから51 flowsをround-robin抽出
UAT-093,e2e-observation,2026-08-16T16:20:00+09:00,2026-08-16T16:20:00+09:00,コメント,enriches PR Markdown comment targets like the production service,fixture PR / production build / Chromium / path・commit・comment・walkthrough固有データ,acceptance,uat-regressions.spec.ts:645 のユーザーフローを実行し、expect(result.comment.target)を観測,"expect(result.comment.target).toMatchObject({ sourceDocumentHash: createHash(""sha256"").update(markdown).digest(""hex""), quotedText: `# ${view.pullRequest.latestTitle}`, }) が成立する",production buildのChromium full E2Eでassertion成立,passed,,,product code変更なし,full E2E 59/59,uat-regressions.spec.ts:645,matcher=toMatchObject / 697 unique assertionsから51 flowsをround-robin抽出
UAT-094,e2e-observation,2026-08-16T16:20:00+09:00,2026-08-16T16:20:00+09:00,コメント,allows file-level comments while line comments stay unavailable for binary files,fixture PR / production build / Chromium / path・commit・comment・walkthrough固有データ,acceptance,"uat-regressions.spec.ts:658 のユーザーフローを実行し、expect(page.locator(""diffs-container""))を観測","expect(page.locator(""diffs-container"")).toHaveCount(0) が成立する",production buildのChromium full E2Eでassertion成立,passed,,,product code変更なし,full E2E 59/59,uat-regressions.spec.ts:658,matcher=toHaveCount / 697 unique assertionsから51 flowsをround-robin抽出
UAT-095,e2e-observation,2026-08-16T16:20:00+09:00,2026-08-16T16:20:00+09:00,障害復旧・同期,shows a recoverable error when the lazy document viewer cannot load,fixture PR / production build / Chromium / path・commit・comment・walkthrough固有データ,acceptance,"uat-regressions.spec.ts:677 のユーザーフローを実行し、expect(page.getByRole(""button"", { name: ""ページを再読み込み"" }))を観測","expect(page.getByRole(""button"", { name: ""ページを再読み込み"" })).toBeVisible() が成立する",production buildのChromium full E2Eでassertion成立,passed,,,product code変更なし,full E2E 59/59,uat-regressions.spec.ts:677,matcher=toBeVisible / 697 unique assertionsから51 flowsをround-robin抽出
UAT-096,e2e-observation,2026-08-16T16:20:00+09:00,2026-08-16T16:20:00+09:00,タブ・2ペイン,defaults Markdown to preview and preserves an explicit mode per document tab,fixture PR / production build / Chromium / path・commit・comment・walkthrough固有データ,acceptance,"uat-regressions.spec.ts:693 のユーザーフローを実行し、expect(page.getByRole(""button"", { name: ""Preview"", exact: true }))を観測","expect(page.getByRole(""button"", { name: ""Preview"", exact: true })).toHaveCount(0) が成立する",production buildのChromium full E2Eでassertion成立,passed,,,product code変更なし,full E2E 59/59,uat-regressions.spec.ts:693,matcher=toHaveCount / 697 unique assertionsから51 flowsをround-robin抽出
UAT-097,e2e-observation,2026-08-16T16:20:00+09:00,2026-08-16T16:20:00+09:00,タブ・2ペイン,keeps full and diff file headers directly below the sticky document tabs,fixture PR / production build / Chromium / path・commit・comment・walkthrough固有データ,acceptance,uat-regressions.spec.ts:727 のユーザーフローを実行し、expect(scrollTop)を観測,expect(scrollTop).toBeGreaterThan(0) が成立する,production buildのChromium full E2Eでassertion成立,passed,,,product code変更なし,full E2E 59/59,uat-regressions.spec.ts:727,matcher=toBeGreaterThan / 697 unique assertionsから51 flowsをround-robin抽出
UAT-098,e2e-observation,2026-08-16T16:20:00+09:00,2026-08-16T16:20:00+09:00,タブ・2ペイン,starts a newly activated document at the top of its pane,fixture PR / production build / Chromium / path・commit・comment・walkthrough固有データ,acceptance,uat-regressions.spec.ts:768 のユーザーフローを実行し、expect(inheritedScrollTop)を観測,expect(inheritedScrollTop).toBeGreaterThan(0) が成立する,production buildのChromium full E2Eでassertion成立,passed,,,product code変更なし,full E2E 59/59,uat-regressions.spec.ts:768,matcher=toBeGreaterThan / 697 unique assertionsから51 flowsをround-robin抽出
UAT-099,e2e-observation,2026-08-16T16:20:00+09:00,2026-08-16T16:20:00+09:00,コメント,reopens an inline thread consistently after it changes while unmounted,fixture PR / production build / Chromium / path・commit・comment・walkthrough固有データ,acceptance,uat-regressions.spec.ts:817 のユーザーフローを実行し、expect(inline)を観測,expect(inline).toHaveClass(/is-expanded/) が成立する,production buildのChromium full E2Eでassertion成立,passed,,,product code変更なし,full E2E 59/59,uat-regressions.spec.ts:817,matcher=toHaveClass / 697 unique assertionsから51 flowsをround-robin抽出
UAT-100,e2e-observation,2026-08-16T16:20:00+09:00,2026-08-16T16:20:00+09:00,文書閲覧,explains that full view is unavailable for a deleted file,fixture PR / production build / Chromium / path・commit・comment・walkthrough固有データ,acceptance,"uat-regressions.spec.ts:839 のユーザーフローを実行し、expect(page.locator(""diffs-container""))を観測","expect(page.locator(""diffs-container"")).toHaveCount(0) が成立する",production buildのChromium full E2Eでassertion成立,passed,,,product code変更なし,full E2E 59/59,uat-regressions.spec.ts:839,matcher=toHaveCount / 697 unique assertionsから51 flowsをround-robin抽出
UAT-101,e2e-observation,2026-08-16T16:20:00+09:00,2026-08-16T16:20:00+09:00,タブ・2ペイン,keeps activated overflow tabs visible and supports tablist arrow keys,fixture PR / production build / Chromium / path・commit・comment・walkthrough固有データ,acceptance,"uat-regressions.spec.ts:864 のユーザーフローを実行し、expect .poll(async () => { const list = await tabList.boundingBox(); const tab = await activeLastTab.boundingBox(); return Boolean( list && tab && tab.x >= list.x && tab.x + tab.width <= list.x + list.width + 1, ); })を観測","expect .poll(async () => { const list = await tabList.boundingBox(); const tab = await activeLastTab.boundingBox(); return Boolean( list && tab && tab.x >= list.x && tab.x + tab.width <= list.x + list.width + 1, ); }) .toBe(true) が成立する",production buildのChromium full E2Eでassertion成立,passed,,,product code変更なし,full E2E 59/59,uat-regressions.spec.ts:864,matcher=toBe / 697 unique assertionsから51 flowsをround-robin抽出
UAT-102,e2e-observation,2026-08-16T16:20:00+09:00,2026-08-16T16:20:00+09:00,タブ・2ペイン,keeps both panes reachable inside a 640px viewport,fixture PR / production build / Chromium / path・commit・comment・walkthrough固有データ,acceptance,uat-regressions.spec.ts:915 のユーザーフローを実行し、expect(maximumScroll)を観測,expect(maximumScroll).toBeGreaterThan(0) が成立する,production buildのChromium full E2Eでassertion成立,passed,,,product code変更なし,full E2E 59/59,uat-regressions.spec.ts:915,matcher=toBeGreaterThan / 697 unique assertionsから51 flowsをround-robin抽出
UAT-103,e2e-observation,2026-08-16T16:20:00+09:00,2026-08-16T16:20:00+09:00,アクセシビリティ・表示,keeps every top bar control inside a 640px viewport,fixture PR / production build / Chromium / path・commit・comment・walkthrough固有データ,acceptance,uat-regressions.spec.ts:940 のユーザーフローを実行し、expect(topbarBox).notを観測,expect(topbarBox).not.toBeNull() が成立する,production buildのChromium full E2Eでassertion成立,passed,,,product code変更なし,full E2E 59/59,uat-regressions.spec.ts:940,matcher=toBeNull / 697 unique assertionsから51 flowsをround-robin抽出
UAT-104,e2e-observation,2026-08-16T16:20:00+09:00,2026-08-16T16:20:00+09:00,ウォークスルー,keeps the beginning of code visible after narrow reference navigation,fixture PR / production build / Chromium / path・commit・comment・walkthrough固有データ,acceptance,"uat-regressions.spec.ts:959 のユーザーフローを実行し、expect.poll(() => diff.locator(""code"").evaluate((code) => code.scrollLeft))を観測","expect.poll(() => diff.locator(""code"").evaluate((code) => code.scrollLeft)).toBe(0) が成立する",production buildのChromium full E2Eでassertion成立,passed,,,product code変更なし,full E2E 59/59,uat-regressions.spec.ts:959,matcher=toBe / 697 unique assertionsから51 flowsをround-robin抽出
UAT-105,e2e-observation,2026-08-16T16:20:00+09:00,2026-08-16T16:20:00+09:00,ウォークスルー,keeps agent explanation passive until a human opens an exact code reference,fixture PR / production build / Chromium / path・commit・comment・walkthrough固有データ,acceptance,walkthrough.spec.ts:54 のユーザーフローを実行し、expect(walkthroughStack)を観測,"expect(walkthroughStack).toHaveAttribute(""aria-expanded"", ""true"") が成立する",production buildのChromium full E2Eでassertion成立,passed,,,product code変更なし,full E2E 59/59,walkthrough.spec.ts:54,matcher=toHaveAttribute / 697 unique assertionsから51 flowsをround-robin抽出
UAT-106,e2e-observation,2026-08-16T16:20:00+09:00,2026-08-16T16:20:00+09:00,ウォークスルー,falls back to full text for an unchanged file opened from a Walkthrough reference,fixture PR / production build / Chromium / path・commit・comment・walkthrough固有データ,acceptance,"walkthrough.spec.ts:283 のユーザーフローを実行し、expect(page.getByRole(""tab"", { name: ""src/bootstrap/application.ts"" }))を観測","expect(page.getByRole(""tab"", { name: ""src/bootstrap/application.ts"" })).toHaveAttribute( ""aria-selected"", ""true"", ) が成立する",production buildのChromium full E2Eでassertion成立,passed,,,product code変更なし,full E2E 59/59,walkthrough.spec.ts:283,matcher=toHaveAttribute / 697 unique assertionsから51 flowsをround-robin抽出
UAT-107,e2e-observation,2026-08-16T16:20:00+09:00,2026-08-16T16:20:00+09:00,ウォークスルー,keeps the PR range while switching a Walkthrough reference diff to split,fixture PR / production build / Chromium / path・commit・comment・walkthrough固有データ,acceptance,walkthrough.spec.ts:352 のユーザーフローを実行し、expect(displayDiffButton)を観測,"expect(displayDiffButton).toHaveAttribute(""aria-pressed"", ""true"") が成立する",production buildのChromium full E2Eでassertion成立,passed,,,product code変更なし,full E2E 59/59,walkthrough.spec.ts:352,matcher=toHaveAttribute / 697 unique assertionsから51 flowsをround-robin抽出
UAT-108,e2e-observation,2026-08-16T16:20:00+09:00,2026-08-16T16:20:00+09:00,ウォークスルー,keeps the review scope and reports a broken Walkthrough reference temporarily,fixture PR / production build / Chromium / path・commit・comment・walkthrough固有データ,acceptance,walkthrough.spec.ts:418 のユーザーフローを実行し、expect(notice)を観測,expect(notice).toHaveText(`リンク切れ · ${missingPath}`) が成立する,production buildのChromium full E2Eでassertion成立,passed,,,product code変更なし,full E2E 59/59,walkthrough.spec.ts:418,matcher=toHaveText / 697 unique assertionsから51 flowsをround-robin抽出
UAT-109,e2e-observation,2026-08-16T16:20:00+09:00,2026-08-16T16:20:00+09:00,ウォークスルー,reports a Walkthrough reference load failure without calling it a broken link,fixture PR / production build / Chromium / path・commit・comment・walkthrough固有データ,acceptance,walkthrough.spec.ts:447 のユーザーフローを実行し、expect(notice).notを観測,"expect(notice).not.toContainText(""リンク切れ"") が成立する",production buildのChromium full E2Eでassertion成立,passed,,,product code変更なし,full E2E 59/59,walkthrough.spec.ts:447,matcher=toContainText / 697 unique assertionsから51 flowsをround-robin抽出
UAT-110,e2e-observation,2026-08-16T16:20:00+09:00,2026-08-16T16:20:00+09:00,コメント,resolves concurrent Walkthrough references independently in each pane,fixture PR / production build / Chromium / path・commit・comment・walkthrough固有データ,acceptance,"walkthrough.spec.ts:492 のユーザーフローを実行し、expect( page.locator('.document-pane[data-pane=""right""]').getByRole(""tab"", { name: delayedPath }), )を観測","expect( page.locator('.document-pane[data-pane=""right""]').getByRole(""tab"", { name: delayedPath }), ).toHaveAttribute(""aria-selected"", ""true"") が成立する",production buildのChromium full E2Eでassertion成立,passed,,,product code変更なし,full E2E 59/59,walkthrough.spec.ts:492,matcher=toHaveAttribute / 697 unique assertionsから51 flowsをround-robin抽出
UAT-111,e2e-observation,2026-08-16T16:20:00+09:00,2026-08-16T16:20:00+09:00,ウォークスルー,does not let a delayed Walkthrough reference replace navigation that returned to its prior state,fixture PR / production build / Chromium / path・commit・comment・walkthrough固有データ,acceptance,walkthrough.spec.ts:542 のユーザーフローを実行し、expect(rightPane)を観測,expect(rightPane).toHaveCount(0) が成立する,production buildのChromium full E2Eでassertion成立,passed,,,product code変更なし,full E2E 59/59,walkthrough.spec.ts:542,matcher=toHaveCount / 697 unique assertionsから51 flowsをround-robin抽出
UAT-112,e2e-observation,2026-08-16T16:20:00+09:00,2026-08-16T16:20:00+09:00,ウォークスルー,moves document tabs between at most two panes and previews repository Markdown,fixture PR / production build / Chromium / path・commit・comment・walkthrough固有データ,acceptance,"walkthrough.spec.ts:580 のユーザーフローを実行し、expect( page.locator('.document-pane[data-pane=""right""]').getByRole(""tab"", { name: primaryWalkthrough, }), )を観測","expect( page.locator('.document-pane[data-pane=""right""]').getByRole(""tab"", { name: primaryWalkthrough, }), ).toBeVisible() が成立する",production buildのChromium full E2Eでassertion成立,passed,,,product code変更なし,full E2E 59/59,walkthrough.spec.ts:580,matcher=toBeVisible / 697 unique assertionsから51 flowsをround-robin抽出
UAT-113,e2e-observation,2026-08-16T16:20:00+09:00,2026-08-16T16:20:00+09:00,ウォークスルー,"keeps native Markdown pointer selection stable across headings, tables, and code",fixture PR / production build / Chromium / path・commit・comment・walkthrough固有データ,acceptance,"walkthrough.spec.ts:883 のユーザーフローを実行し、expect .poll(() => page.evaluate(() => window.getSelection()?.toString() ?? """"))を観測","expect .poll(() => page.evaluate(() => window.getSelection()?.toString() ?? """")) .toMatch(/^(Local|development)$/) が成立する",production buildのChromium full E2Eでassertion成立,passed,,,product code変更なし,full E2E 59/59,walkthrough.spec.ts:883,matcher=toMatch / 697 unique assertionsから51 flowsをround-robin抽出
UAT-114,e2e-observation,2026-08-16T16:20:00+09:00,2026-08-16T16:20:00+09:00,ウォークスルー,keeps walkthrough Markdown selection stable on the first interaction,fixture PR / production build / Chromium / path・commit・comment・walkthrough固有データ,acceptance,"walkthrough.spec.ts:933 のユーザーフローを実行し、expect .poll(() => page.evaluate(() => window.getSelection()?.toString() ?? """"))を観測","expect .poll(() => page.evaluate(() => window.getSelection()?.toString() ?? """")) .toMatch(/^(レビュー|サマリー|レビューサマリー)$/) が成立する",production buildのChromium full E2Eでassertion成立,passed,,,product code変更なし,full E2E 59/59,walkthrough.spec.ts:933,matcher=toMatch / 697 unique assertionsから51 flowsをround-robin抽出
UAT-115,e2e-observation,2026-08-16T16:20:00+09:00,2026-08-16T16:20:00+09:00,ウォークスルー,renders a class diagram with code-bound classes,fixture PR / production build / Chromium / path・commit・comment・walkthrough固有データ,acceptance,"walkthrough.spec.ts:959 のユーザーフローを実行し、expect(page.locator("".walkthrough-diagram-node--linked""))を観測","expect(page.locator("".walkthrough-diagram-node--linked"")).toHaveCount(5) が成立する",production buildのChromium full E2Eでassertion成立,passed,,,product code変更なし,full E2E 59/59,walkthrough.spec.ts:959,matcher=toHaveCount / 697 unique assertionsから51 flowsをround-robin抽出
UAT-116,e2e-observation,2026-08-16T16:20:00+09:00,2026-08-16T16:20:00+09:00,コメント,renders the Markdown walkthrough showcase and keeps every expression commentable,fixture PR / production build / Chromium / path・commit・comment・walkthrough固有データ,acceptance,"walkthrough.spec.ts:995 のユーザーフローを実行し、expect(page.getByRole(""heading"", { name: ""Markdownレビュー・ショーケース"" }))を観測","expect(page.getByRole(""heading"", { name: ""Markdownレビュー・ショーケース"" })).toBeVisible() が成立する",production buildのChromium full E2Eでassertion成立,passed,,,product code変更なし,full E2E 59/59,walkthrough.spec.ts:995,matcher=toBeVisible / 697 unique assertionsから51 flowsをround-robin抽出
UAT-117,e2e-observation,2026-08-16T16:20:00+09:00,2026-08-16T16:20:00+09:00,コメント,keeps Markdown comment menus reachable across narrow viewports,fixture PR / production build / Chromium / path・commit・comment・walkthrough固有データ,acceptance,walkthrough.spec.ts:1142 のユーザーフローを実行し、expect(box).notを観測,expect(box).not.toBeNull() が成立する,production buildのChromium full E2Eでassertion成立,passed,,,product code変更なし,full E2E 59/59,walkthrough.spec.ts:1142,matcher=toBeNull / 697 unique assertionsから51 flowsをround-robin抽出
UAT-118,e2e-observation,2026-08-16T16:20:00+09:00,2026-08-16T16:20:00+09:00,コメント,normalizes mixed Markdown selections and ignores comment UI text,fixture PR / production build / Chromium / path・commit・comment・walkthrough固有データ,acceptance,"walkthrough.spec.ts:1188 のユーザーフローを実行し、expect(page.getByRole(""button"", { name: ""L11–13へコメント"" }))を観測","expect(page.getByRole(""button"", { name: ""L11–13へコメント"" })).toBeVisible() が成立する",production buildのChromium full E2Eでassertion成立,passed,,,product code変更なし,full E2E 59/59,walkthrough.spec.ts:1188,matcher=toBeVisible / 697 unique assertionsから51 flowsをround-robin抽出
UAT-119,e2e-observation,2026-08-16T16:20:00+09:00,2026-08-16T16:20:00+09:00,ウォークスルー,resizes the sidebar and two reading panes with pointer drag,fixture PR / production build / Chromium / path・commit・comment・walkthrough固有データ,acceptance,walkthrough.spec.ts:1252 のユーザーフローを実行し、expect(sidebarHandleBox).notを観測,expect(sidebarHandleBox).not.toBeNull() が成立する,production buildのChromium full E2Eでassertion成立,passed,,,product code変更なし,full E2E 59/59,walkthrough.spec.ts:1252,matcher=toBeNull / 697 unique assertionsから51 flowsをround-robin抽出
UAT-120,e2e-observation,2026-08-16T16:20:00+09:00,2026-08-16T16:20:00+09:00,ウォークスルー,keeps readable minimum widths on a narrow viewport,fixture PR / production build / Chromium / path・commit・comment・walkthrough固有データ,acceptance,walkthrough.spec.ts:1305 のユーザーフローを実行し、expect(singlePaneLayout.scrollWidth)を観測,expect(singlePaneLayout.scrollWidth).toBeGreaterThan(singlePaneLayout.clientWidth) が成立する,production buildのChromium full E2Eでassertion成立,passed,,,product code変更なし,full E2E 59/59,walkthrough.spec.ts:1305,matcher=toBeGreaterThan / 697 unique assertionsから51 flowsをround-robin抽出
UAT-121,e2e-observation,2026-08-16T16:20:00+09:00,2026-08-16T16:20:00+09:00,ウォークスルー,refreshes an open walkthrough in place after an agent update,fixture PR / production build / Chromium / path・commit・comment・walkthrough固有データ,acceptance,walkthrough.spec.ts:1356 のユーザーフローを実行し、expect(response.ok())を観測,expect(response.ok()).toBe(true) が成立する,production buildのChromium full E2Eでassertion成立,passed,,,product code変更なし,full E2E 59/59,walkthrough.spec.ts:1356,matcher=toBe / 697 unique assertionsから51 flowsをround-robin抽出
UAT-122,e2e-observation,2026-08-16T16:20:00+09:00,2026-08-16T16:20:00+09:00,コメント,comments on the walkthrough as a whole,fixture PR / production build / Chromium / path・commit・comment・walkthrough固有データ,acceptance,"walkthrough.spec.ts:1386 のユーザーフローを実行し、expect(walkthroughPane.getByText(""ウォークスルー全体"", { exact: true }))を観測","expect(walkthroughPane.getByText(""ウォークスルー全体"", { exact: true })).toBeVisible() が成立する",production buildのChromium full E2Eでassertion成立,passed,,,product code変更なし,full E2E 59/59,walkthrough.spec.ts:1386,matcher=toBeVisible / 697 unique assertionsから51 flowsをround-robin抽出
UAT-123,e2e-observation,2026-08-16T16:20:00+09:00,2026-08-16T16:20:00+09:00,コメント,comments on selected walkthrough lines and marks them Outdated after replacement,fixture PR / production build / Chromium / path・commit・comment・walkthrough固有データ,acceptance,walkthrough.spec.ts:1437 のユーザーフローを実行し、expect(inlineLineComment)を観測,expect(inlineLineComment).toBeVisible() が成立する,production buildのChromium full E2Eでassertion成立,passed,,,product code変更なし,full E2E 59/59,walkthrough.spec.ts:1437,matcher=toBeVisible / 697 unique assertionsから51 flowsをround-robin抽出
UAT-124,e2e-observation,2026-08-16T16:20:00+09:00,2026-08-16T16:20:00+09:00,ウォークスルー,deletes an unnecessary walkthrough and its whole-document feedback after confirmation,fixture PR / production build / Chromium / path・commit・comment・walkthrough固有データ,acceptance,walkthrough.spec.ts:1578 のユーザーフローを実行し、expect(dialog.message())を観測,"expect(dialog.message()).toContain(""紐づくコメント 1件と投稿 1件も削除されます。"") が成立する",production buildのChromium full E2Eでassertion成立,passed,,,product code変更なし,full E2E 59/59,walkthrough.spec.ts:1578,matcher=toContain / 697 unique assertionsから51 flowsをround-robin抽出
UAT-125,e2e-observation,2026-08-16T16:20:00+09:00,2026-08-16T16:20:00+09:00,コメント,"reviews a line across commits, preserves the tabbed UI, and resolves it",fixture PR / production build / Chromium / path・commit・comment・walkthrough固有データ,acceptance,review-flow.spec.ts:16 のユーザーフローを実行し、expect(pullRequestLink)を観測,"expect(pullRequestLink).toHaveAttribute( ""href"", ""https://github.com/acme/review-repo/pull/7"", ) が成立する",production buildのChromium full E2Eでassertion成立,passed,,,product code変更なし,full E2E 59/59,review-flow.spec.ts:16,matcher=toHaveAttribute / 697 unique assertionsから51 flowsをround-robin抽出
UAT-126,e2e-observation,2026-08-16T16:20:00+09:00,2026-08-16T16:20:00+09:00,コメント,keeps a comment on the current PR body placed with its saved hash and quote,fixture PR / production build / Chromium / path・commit・comment・walkthrough固有データ,acceptance,review-flow.spec.ts:826 のユーザーフローを実行し、expect(created.comment.target.quotedText)を観測,"expect(created.comment.target.quotedText).toBe( ""The PR body was rewritten.\nAdditional review details."", ) が成立する",production buildのChromium full E2Eでassertion成立,passed,,,product code変更なし,full E2E 59/59,review-flow.spec.ts:826,matcher=toBe / 697 unique assertionsから51 flowsをround-robin抽出
UAT-127,e2e-observation,2026-08-16T16:20:00+09:00,2026-08-16T16:20:00+09:00,コメント,keeps PR body preview comments interactive and stacks collapsed source menus without layout shifts,fixture PR / production build / Chromium / path・commit・comment・walkthrough固有データ,acceptance,review-flow.spec.ts:885 のユーザーフローを実行し、expect(createLowerResponse.ok())を観測,expect(createLowerResponse.ok()).toBe(true) が成立する,production buildのChromium full E2Eでassertion成立,passed,,,product code変更なし,full E2E 59/59,review-flow.spec.ts:885,matcher=toBe / 697 unique assertionsから51 flowsをround-robin抽出
UAT-128,e2e-observation,2026-08-16T16:20:00+09:00,2026-08-16T16:20:00+09:00,アクセシビリティ・表示,restores the shared theme after browser storage is cleared,fixture PR / production build / Chromium / path・commit・comment・walkthrough固有データ,acceptance,"review-flow.spec.ts:1019 のユーザーフローを実行し、expect .poll(async () => { const response = await request.get(""/api/preferences/theme""); const body = (await response.json()) as { themePreference: string }; return body.themePreference; })を観測","expect .poll(async () => { const response = await request.get(""/api/preferences/theme""); const body = (await response.json()) as { themePreference: string }; return body.themePreference; }) .toBe(""dark"") が成立する",production buildのChromium full E2Eでassertion成立,passed,,,product code変更なし,full E2E 59/59,review-flow.spec.ts:1019,matcher=toBe / 697 unique assertionsから51 flowsをround-robin抽出
UAT-129,e2e-observation,2026-08-16T16:20:00+09:00,2026-08-16T16:20:00+09:00,起動・統合フロー,selects and copies code text with native browser selection,fixture PR / production build / Chromium / path・commit・comment・walkthrough固有データ,acceptance,review-flow.spec.ts:1067 のユーザーフローを実行し、expect .poll(async () => page.evaluate(() => navigator.clipboard.readText()))を観測,"expect .poll(async () => page.evaluate(() => navigator.clipboard.readText())) .toBe(""fixture"") が成立する",production buildのChromium full E2Eでassertion成立,passed,,,product code変更なし,full E2E 59/59,review-flow.spec.ts:1067,matcher=toBe / 697 unique assertionsから51 flowsをround-robin抽出
UAT-130,e2e-observation,2026-08-16T16:20:00+09:00,2026-08-16T16:20:00+09:00,探索・検索,"searches while typing, groups occurrences, and reveals a result without changing display mode",fixture PR / production build / Chromium / path・commit・comment・walkthrough固有データ,acceptance,"review-flow.spec.ts:1111 のユーザーフローを実行し、expect( diff.locator('[slot=""header-prefix""] [data-file-icon=""lang-typescript-duo""]'), )を観測","expect( diff.locator('[slot=""header-prefix""] [data-file-icon=""lang-typescript-duo""]'), ).toBeVisible() が成立する",production buildのChromium full E2Eでassertion成立,passed,,,product code変更なし,full E2E 59/59,review-flow.spec.ts:1111,matcher=toBeVisible / 697 unique assertionsから51 flowsをround-robin抽出
UAT-131,e2e-observation,2026-08-16T16:20:00+09:00,2026-08-16T16:20:00+09:00,アクセシビリティ・表示,keeps every sidebar stack heading visible in a short viewport,fixture PR / production build / Chromium / path・commit・comment・walkthrough固有データ,acceptance,"review-flow.spec.ts:1182 のユーザーフローを実行し、expect(page.getByRole(""button"", { name: label }))を観測","expect(page.getByRole(""button"", { name: label })).toBeVisible() が成立する",production buildのChromium full E2Eでassertion成立,passed,,,product code変更なし,full E2E 59/59,review-flow.spec.ts:1182,matcher=toBeVisible / 697 unique assertionsから51 flowsをround-robin抽出
UAT-132,e2e-observation,2026-08-16T16:20:00+09:00,2026-08-16T16:20:00+09:00,起動・統合フロー,keeps useful minimum heights while sizing expanded sidebar stacks by content,fixture PR / production build / Chromium / path・commit・comment・walkthrough固有データ,acceptance,"review-flow.spec.ts:1215 のユーザーフローを実行し、expect(heightByKind.get(""sidebar-stack--search""))を観測","expect(heightByKind.get(""sidebar-stack--search"")).toBeGreaterThanOrEqual(190) が成立する",production buildのChromium full E2Eでassertion成立,passed,,,product code変更なし,full E2E 59/59,review-flow.spec.ts:1215,matcher=toBeGreaterThanOrEqual / 697 unique assertionsから51 flowsをround-robin抽出
UAT-133,e2e-observation,2026-08-16T16:20:00+09:00,2026-08-16T16:20:00+09:00,タブ・2ペイン,opens a fuzzy-matched file from Cmd/Ctrl+P in the active pane,fixture PR / production build / Chromium / path・commit・comment・walkthrough固有データ,acceptance,"review-flow.spec.ts:1229 のユーザーフローを実行し、expect(palette.getByRole(""option"", { name: ""src/fixture.ts"" }))を観測","expect(palette.getByRole(""option"", { name: ""src/fixture.ts"" })).toBeVisible() が成立する",production buildのChromium full E2Eでassertion成立,passed,,,product code変更なし,full E2E 59/59,review-flow.spec.ts:1229,matcher=toBeVisible / 697 unique assertionsから51 flowsをround-robin抽出
UAT-134,e2e-observation,2026-08-16T16:20:00+09:00,2026-08-16T16:20:00+09:00,タブ・2ペイン,closes other or all tabs within the selected pane,fixture PR / production build / Chromium / path・commit・comment・walkthrough固有データ,acceptance,"review-flow.spec.ts:1307 のユーザーフローを実行し、expect(leftPane.getByRole(""tab"", { name: ""src/fixture.ts"" }))を観測","expect(leftPane.getByRole(""tab"", { name: ""src/fixture.ts"" })).toHaveAttribute( ""aria-selected"", ""true"", ) が成立する",production buildのChromium full E2Eでassertion成立,passed,,,product code変更なし,full E2E 59/59,review-flow.spec.ts:1307,matcher=toHaveAttribute / 697 unique assertionsから51 flowsをround-robin抽出
UAT-135,e2e-observation,2026-08-16T16:20:00+09:00,2026-08-16T16:20:00+09:00,文書閲覧,keeps a large all-files tree responsive while documents open and close,fixture PR / production build / Chromium / path・commit・comment・walkthrough固有データ,acceptance,"review-flow.spec.ts:1356 のユーザーフローを実行し、expect(await virtualTree.locator("".file-tree-row"").count())を観測","expect(await virtualTree.locator("".file-tree-row"").count()).toBeLessThan(100) が成立する",production buildのChromium full E2Eでassertion成立,passed,,,product code変更なし,full E2E 59/59,review-flow.spec.ts:1356,matcher=toBeLessThan / 697 unique assertionsから51 flowsをround-robin抽出
UAT-136,e2e-observation,2026-08-16T16:20:00+09:00,2026-08-16T16:20:00+09:00,commit範囲・diff,uses the comparison base for a PR range starting with a merge-back commit,fixture PR / production build / Chromium / path・commit・comment・walkthrough固有データ,acceptance,uat-regressions.spec.ts:40 のユーザーフローを実行し、expect(requestedOldOids).notを観測,expect(requestedOldOids).not.toContain(featureParentBeforeMergeBack) が成立する,production buildのChromium full E2Eでassertion成立,passed,,,product code変更なし,full E2E 59/59,uat-regressions.spec.ts:40,matcher=toContain / 697 unique assertionsから51 flowsをround-robin抽出
UAT-137,e2e-observation,2026-08-16T16:20:00+09:00,2026-08-16T16:20:00+09:00,探索・検索,uses path-specific fixture documents and a complete search index,fixture PR / production build / Chromium / path・commit・comment・walkthrough固有データ,acceptance,uat-regressions.spec.ts:52 のユーザーフローを実行し、expect(readmeBody.diff.old.text)を観測,"expect(readmeBody.diff.old.text).toContain(""Repository documentation."") が成立する",production buildのChromium full E2Eでassertion成立,passed,,,product code変更なし,full E2E 59/59,uat-regressions.spec.ts:52,matcher=toContain / 697 unique assertionsから51 flowsをround-robin抽出
UAT-138,e2e-observation,2026-08-16T16:20:00+09:00,2026-08-16T16:20:00+09:00,障害復旧・同期,rejects malformed and unknown pull request IDs,fixture PR / production build / Chromium / path・commit・comment・walkthrough固有データ,acceptance,uat-regressions.spec.ts:102 のユーザーフローを実行し、expect((await request.get(`/api/pull-requests/${unknownPullRequestId}`)).status())を観測,expect((await request.get(`/api/pull-requests/${unknownPullRequestId}`)).status()).toBe(404) が成立する,production buildのChromium full E2Eでassertion成立,passed,,,product code変更なし,full E2E 59/59,uat-regressions.spec.ts:102,matcher=toBe / 697 unique assertionsから51 flowsをround-robin抽出
UAT-139,e2e-observation,2026-08-16T16:20:00+09:00,2026-08-16T16:20:00+09:00,コメント,discards in-memory comment drafts after a confirmed reset,fixture PR / production build / Chromium / path・commit・comment・walkthrough固有データ,acceptance,uat-regressions.spec.ts:333 のユーザーフローを実行し、expect(draft)を観測,expect(draft).toBeHidden() が成立する,production buildのChromium full E2Eでassertion成立,passed,,,product code変更なし,full E2E 59/59,uat-regressions.spec.ts:333,matcher=toBeHidden / 697 unique assertionsから51 flowsをround-robin抽出
UAT-140,e2e-observation,2026-08-16T16:20:00+09:00,2026-08-16T16:20:00+09:00,文書閲覧,distinguishes virtual and repository documents with the same path,fixture PR / production build / Chromium / path・commit・comment・walkthrough固有データ,acceptance,"uat-regressions.spec.ts:439 のユーザーフローを実行し、expect( tablist.getByRole(""tab"", { name: ""Pull Request.md（repository）"", exact: true }), )を観測","expect( tablist.getByRole(""tab"", { name: ""Pull Request.md（repository）"", exact: true }), ).toContainText(""Pull Request.md · repository"") が成立する",production buildのChromium full E2Eでassertion成立,passed,,,product code変更なし,full E2E 59/59,uat-regressions.spec.ts:439,matcher=toContainText / 697 unique assertionsから51 flowsをround-robin抽出
UAT-141,e2e-observation,2026-08-16T16:20:00+09:00,2026-08-16T16:20:00+09:00,障害復旧・同期,keeps cached review content and explains how to recover from server loss,fixture PR / production build / Chromium / path・commit・comment・walkthrough固有データ,acceptance,uat-regressions.spec.ts:617 のユーザーフローを実行し、expect(pullRequestTitle)を観測,"expect(pullRequestTitle).toHaveText(title ?? """") が成立する",production buildのChromium full E2Eでassertion成立,passed,,,product code変更なし,full E2E 59/59,uat-regressions.spec.ts:617,matcher=toHaveText / 697 unique assertionsから51 flowsをround-robin抽出
UAT-142,e2e-observation,2026-08-16T16:20:00+09:00,2026-08-16T16:20:00+09:00,コメント,allows file-level comments while line comments stay unavailable for binary files,fixture PR / production build / Chromium / path・commit・comment・walkthrough固有データ,acceptance,"uat-regressions.spec.ts:666 のユーザーフローを実行し、expect( page.getByText(""Binary artifact needs a file-level note."", { exact: true }), )を観測","expect( page.getByText(""Binary artifact needs a file-level note."", { exact: true }), ).toBeVisible() が成立する",production buildのChromium full E2Eでassertion成立,passed,,,product code変更なし,full E2E 59/59,uat-regressions.spec.ts:666,matcher=toBeVisible / 697 unique assertionsから51 flowsをround-robin抽出
UAT-143,e2e-observation,2026-08-16T16:20:00+09:00,2026-08-16T16:20:00+09:00,タブ・2ペイン,defaults Markdown to preview and preserves an explicit mode per document tab,fixture PR / production build / Chromium / path・commit・comment・walkthrough固有データ,acceptance,"uat-regressions.spec.ts:696 のユーザーフローを実行し、expect(page.getByRole(""button"", { name: ""Preview"", exact: true }))を観測","expect(page.getByRole(""button"", { name: ""Preview"", exact: true })).toHaveAttribute( ""aria-pressed"", ""true"", ) が成立する",production buildのChromium full E2Eでassertion成立,passed,,,product code変更なし,full E2E 59/59,uat-regressions.spec.ts:696,matcher=toHaveAttribute / 697 unique assertionsから51 flowsをround-robin抽出
UAT-144,e2e-observation,2026-08-16T16:20:00+09:00,2026-08-16T16:20:00+09:00,タブ・2ペイン,keeps full and diff file headers directly below the sticky document tabs,fixture PR / production build / Chromium / path・commit・comment・walkthrough固有データ,acceptance,"uat-regressions.spec.ts:728 のユーザーフローを実行し、expect .poll(async () => { return await diff.locator(""[data-diffs-header]"").evaluate((header) => { const root = header.getRootNode(); if (!(root instanceof ShadowRoot)) return null; const tabs = root.host.closest("".document-pane"")?.querySelector("".document-tabs-shell""); if (!(tabs instanceof HTMLElement)) return null; return Math.round( header.getBoundingClientRect().top - tabs.getBoundingClientRect().bottom, ); }); })を観測","expect .poll(async () => { return await diff.locator(""[data-diffs-header]"").evaluate((header) => { const root = header.getRootNode(); if (!(root instanceof ShadowRoot)) return null; const tabs = root.host.closest("".document-pane"")?.querySelector("".document-tabs-shell""); if (!(tabs instanceof HTMLElement)) return null; return Math.round( header.getBoundingClientRect().top - tabs.getBoundingClientRect().bottom, ); }); }) .toBe(0) が成立する",production buildのChromium full E2Eでassertion成立,passed,,,product code変更なし,full E2E 59/59,uat-regressions.spec.ts:728,matcher=toBe / 697 unique assertionsから51 flowsをround-robin抽出
UAT-145,e2e-observation,2026-08-16T16:20:00+09:00,2026-08-16T16:20:00+09:00,タブ・2ペイン,starts a newly activated document at the top of its pane,fixture PR / production build / Chromium / path・commit・comment・walkthrough固有データ,acceptance,"uat-regressions.spec.ts:772 のユーザーフローを実行し、expect(shortDocument.locator('[data-line=""1""]'))を観測","expect(shortDocument.locator('[data-line=""1""]')).toBeVisible() が成立する",production buildのChromium full E2Eでassertion成立,passed,,,product code変更なし,full E2E 59/59,uat-regressions.spec.ts:772,matcher=toBeVisible / 697 unique assertionsから51 flowsをround-robin抽出
UAT-146,e2e-observation,2026-08-16T16:20:00+09:00,2026-08-16T16:20:00+09:00,コメント,reopens an inline thread consistently after it changes while unmounted,fixture PR / production build / Chromium / path・commit・comment・walkthrough固有データ,acceptance,uat-regressions.spec.ts:819 のユーザーフローを実行し、expect(inline)を観測,expect(inline).toHaveClass(/is-collapsed/) が成立する,production buildのChromium full E2Eでassertion成立,passed,,,product code変更なし,full E2E 59/59,uat-regressions.spec.ts:819,matcher=toHaveClass / 697 unique assertionsから51 flowsをround-robin抽出
UAT-147,e2e-observation,2026-08-16T16:20:00+09:00,2026-08-16T16:20:00+09:00,タブ・2ペイン,keeps activated overflow tabs visible and supports tablist arrow keys,fixture PR / production build / Chromium / path・commit・comment・walkthrough固有データ,acceptance,"uat-regressions.spec.ts:880 のユーザーフローを実行し、expect .poll(async () => { const list = await tabList.boundingBox(); const tab = await firstTab.boundingBox(); return Boolean( list && tab && tab.x >= list.x && tab.x + tab.width <= list.x + list.width + 1, ); })を観測","expect .poll(async () => { const list = await tabList.boundingBox(); const tab = await firstTab.boundingBox(); return Boolean( list && tab && tab.x >= list.x && tab.x + tab.width <= list.x + list.width + 1, ); }) .toBe(true) が成立する",production buildのChromium full E2Eでassertion成立,passed,,,product code変更なし,full E2E 59/59,uat-regressions.spec.ts:880,matcher=toBe / 697 unique assertionsから51 flowsをround-robin抽出
UAT-148,e2e-observation,2026-08-16T16:20:00+09:00,2026-08-16T16:20:00+09:00,タブ・2ペイン,keeps both panes reachable inside a 640px viewport,fixture PR / production build / Chromium / path・commit・comment・walkthrough固有データ,acceptance,uat-regressions.spec.ts:919 のユーザーフローを実行し、expect(mainBox).notを観測,expect(mainBox).not.toBeNull() が成立する,production buildのChromium full E2Eでassertion成立,passed,,,product code変更なし,full E2E 59/59,uat-regressions.spec.ts:919,matcher=toBeNull / 697 unique assertionsから51 flowsをround-robin抽出
UAT-149,e2e-observation,2026-08-16T16:20:00+09:00,2026-08-16T16:20:00+09:00,アクセシビリティ・表示,keeps every top bar control inside a 640px viewport,fixture PR / production build / Chromium / path・commit・comment・walkthrough固有データ,acceptance,uat-regressions.spec.ts:941 のユーザーフローを実行し、expect(actionsBox).notを観測,expect(actionsBox).not.toBeNull() が成立する,production buildのChromium full E2Eでassertion成立,passed,,,product code変更なし,full E2E 59/59,uat-regressions.spec.ts:941,matcher=toBeNull / 697 unique assertionsから51 flowsをround-robin抽出
UAT-150,e2e-observation,2026-08-16T16:20:00+09:00,2026-08-16T16:20:00+09:00,ウォークスルー,keeps the beginning of code visible after narrow reference navigation,fixture PR / production build / Chromium / path・commit・comment・walkthrough固有データ,acceptance,"uat-regressions.spec.ts:960 のユーザーフローを実行し、expect(diff.locator('[data-line=""1""] span').first())を観測","expect(diff.locator('[data-line=""1""] span').first()).toHaveText(""import"") が成立する",production buildのChromium full E2Eでassertion成立,passed,,,product code変更なし,full E2E 59/59,uat-regressions.spec.ts:960,matcher=toHaveText / 697 unique assertionsから51 flowsをround-robin抽出
UAT-151,e2e-observation,2026-08-16T16:20:00+09:00,2026-08-16T16:20:00+09:00,ウォークスルー,keeps agent explanation passive until a human opens an exact code reference,fixture PR / production build / Chromium / path・commit・comment・walkthrough固有データ,acceptance,"walkthrough.spec.ts:55 のユーザーフローを実行し、expect(page.locator("".walkthrough-panel-item""))を観測","expect(page.locator("".walkthrough-panel-item"")).toHaveCount(5) が成立する",production buildのChromium full E2Eでassertion成立,passed,,,product code変更なし,full E2E 59/59,walkthrough.spec.ts:55,matcher=toHaveCount / 697 unique assertionsから51 flowsをround-robin抽出
UAT-152,e2e-observation,2026-08-16T16:20:00+09:00,2026-08-16T16:20:00+09:00,ウォークスルー,falls back to full text for an unchanged file opened from a Walkthrough reference,fixture PR / production build / Chromium / path・commit・comment・walkthrough固有データ,acceptance,"walkthrough.spec.ts:288 のユーザーフローを実行し、expect( page.getByText(/参照元 b{8} ≠ 対象 c{8} · 差分なし · 全文表示/, { exact: true }), )を観測","expect( page.getByText(/参照元 b{8} ≠ 対象 c{8} · 差分なし · 全文表示/, { exact: true }), ).toBeVisible() が成立する",production buildのChromium full E2Eでassertion成立,passed,,,product code変更なし,full E2E 59/59,walkthrough.spec.ts:288,matcher=toBeVisible / 697 unique assertionsから51 flowsをround-robin抽出
UAT-153,e2e-observation,2026-08-16T16:20:00+09:00,2026-08-16T16:20:00+09:00,ウォークスルー,keeps the PR range while switching a Walkthrough reference diff to split,fixture PR / production build / Chromium / path・commit・comment・walkthrough固有データ,acceptance,walkthrough.spec.ts:360 のユーザーフローを実行し、expect(rightDiff)を観測,expect(rightDiff).toBeVisible() が成立する,production buildのChromium full E2Eでassertion成立,passed,,,product code変更なし,full E2E 59/59,walkthrough.spec.ts:360,matcher=toBeVisible / 697 unique assertionsから51 flowsをround-robin抽出
UAT-154,e2e-observation,2026-08-16T16:20:00+09:00,2026-08-16T16:20:00+09:00,ウォークスルー,keeps the review scope and reports a broken Walkthrough reference temporarily,fixture PR / production build / Chromium / path・commit・comment・walkthrough固有データ,acceptance,walkthrough.spec.ts:419 のユーザーフローを実行し、expect(commitPicker)を観測,"expect(commitPicker).toHaveAttribute(""aria-label"", initialCommitSelection!) が成立する",production buildのChromium full E2Eでassertion成立,passed,,,product code変更なし,full E2E 59/59,walkthrough.spec.ts:419,matcher=toHaveAttribute / 697 unique assertionsから51 flowsをround-robin抽出
UAT-155,e2e-observation,2026-08-16T16:20:00+09:00,2026-08-16T16:20:00+09:00,ウォークスルー,reports a Walkthrough reference load failure without calling it a broken link,fixture PR / production build / Chromium / path・commit・comment・walkthrough固有データ,acceptance,"walkthrough.spec.ts:448 のユーザーフローを実行し、expect(page.getByRole(""tab"", { name: unavailablePath }))を観測","expect(page.getByRole(""tab"", { name: unavailablePath })).toHaveCount(0) が成立する",production buildのChromium full E2Eでassertion成立,passed,,,product code変更なし,full E2E 59/59,walkthrough.spec.ts:448,matcher=toHaveCount / 697 unique assertionsから51 flowsをround-robin抽出
UAT-156,e2e-observation,2026-08-16T16:20:00+09:00,2026-08-16T16:20:00+09:00,ウォークスルー,does not let a delayed Walkthrough reference replace navigation that returned to its prior state,fixture PR / production build / Chromium / path・commit・comment・walkthrough固有データ,acceptance,"walkthrough.spec.ts:557 のユーザーフローを実行し、expect(page.getByRole(""tab"", { name: delayedPath }))を観測","expect(page.getByRole(""tab"", { name: delayedPath })).toHaveCount(0) が成立する",production buildのChromium full E2Eでassertion成立,passed,,,product code変更なし,full E2E 59/59,walkthrough.spec.ts:557,matcher=toHaveCount / 697 unique assertionsから51 flowsをround-robin抽出
UAT-157,e2e-observation,2026-08-16T16:20:00+09:00,2026-08-16T16:20:00+09:00,ウォークスルー,moves document tabs between at most two panes and previews repository Markdown,fixture PR / production build / Chromium / path・commit・comment・walkthrough固有データ,acceptance,"walkthrough.spec.ts:591 のユーザーフローを実行し、expect( page .locator('.document-pane[data-pane=""left""]') .getByRole(""tab"", { name: ""src/http/routes/orders.ts"" }), )を観測","expect( page .locator('.document-pane[data-pane=""left""]') .getByRole(""tab"", { name: ""src/http/routes/orders.ts"" }), ).toHaveAttribute(""aria-selected"", ""true"") が成立する",production buildのChromium full E2Eでassertion成立,passed,,,product code変更なし,full E2E 59/59,walkthrough.spec.ts:591,matcher=toHaveAttribute / 697 unique assertionsから51 flowsをround-robin抽出
UAT-158,e2e-observation,2026-08-16T16:20:00+09:00,2026-08-16T16:20:00+09:00,ウォークスルー,"keeps native Markdown pointer selection stable across headings, tables, and code",fixture PR / production build / Chromium / path・commit・comment・walkthrough固有データ,acceptance,"walkthrough.spec.ts:886 のユーザーフローを実行し、expect(page.getByRole(""button"", { name: ""L21へコメント"", exact: true }))を観測","expect(page.getByRole(""button"", { name: ""L21へコメント"", exact: true })).toBeVisible() が成立する",production buildのChromium full E2Eでassertion成立,passed,,,product code変更なし,full E2E 59/59,walkthrough.spec.ts:886,matcher=toBeVisible / 697 unique assertionsから51 flowsをround-robin抽出
UAT-159,e2e-observation,2026-08-16T16:20:00+09:00,2026-08-16T16:20:00+09:00,ウォークスルー,keeps walkthrough Markdown selection stable on the first interaction,fixture PR / production build / Chromium / path・commit・comment・walkthrough固有データ,acceptance,"walkthrough.spec.ts:936 のユーザーフローを実行し、expect(page.getByRole(""button"", { name: ""L7へコメント"", exact: true }))を観測","expect(page.getByRole(""button"", { name: ""L7へコメント"", exact: true })).toBeVisible() が成立する",production buildのChromium full E2Eでassertion成立,passed,,,product code変更なし,full E2E 59/59,walkthrough.spec.ts:936,matcher=toBeVisible / 697 unique assertionsから51 flowsをround-robin抽出
UAT-160,e2e-observation,2026-08-16T16:20:00+09:00,2026-08-16T16:20:00+09:00,ウォークスルー,renders a class diagram with code-bound classes,fixture PR / production build / Chromium / path・commit・comment・walkthrough固有データ,acceptance,walkthrough.spec.ts:961 のユーザーフローを実行し、expect(orderClass)を観測,expect(orderClass).toBeVisible() が成立する,production buildのChromium full E2Eでassertion成立,passed,,,product code変更なし,full E2E 59/59,walkthrough.spec.ts:961,matcher=toBeVisible / 697 unique assertionsから51 flowsをround-robin抽出
UAT-161,e2e-observation,2026-08-16T16:20:00+09:00,2026-08-16T16:20:00+09:00,コメント,renders the Markdown walkthrough showcase and keeps every expression commentable,fixture PR / production build / Chromium / path・commit・comment・walkthrough固有データ,acceptance,"walkthrough.spec.ts:996 のユーザーフローを実行し、expect( page.locator("".walkthrough-inline-reference"").filter({ hasText: ""コード参照"" }), )を観測","expect( page.locator("".walkthrough-inline-reference"").filter({ hasText: ""コード参照"" }), ).toBeVisible() が成立する",production buildのChromium full E2Eでassertion成立,passed,,,product code変更なし,full E2E 59/59,walkthrough.spec.ts:996,matcher=toBeVisible / 697 unique assertionsから51 flowsをround-robin抽出
UAT-162,e2e-observation,2026-08-16T16:20:00+09:00,2026-08-16T16:20:00+09:00,コメント,keeps Markdown comment menus reachable across narrow viewports,fixture PR / production build / Chromium / path・commit・comment・walkthrough固有データ,acceptance,walkthrough.spec.ts:1143 のユーザーフローを実行し、expect(box!.x)を観測,expect(box!.x).toBeGreaterThanOrEqual(8) が成立する,production buildのChromium full E2Eでassertion成立,passed,,,product code変更なし,full E2E 59/59,walkthrough.spec.ts:1143,matcher=toBeGreaterThanOrEqual / 697 unique assertionsから51 flowsをround-robin抽出
UAT-163,e2e-observation,2026-08-16T16:20:00+09:00,2026-08-16T16:20:00+09:00,コメント,normalizes mixed Markdown selections and ignores comment UI text,fixture PR / production build / Chromium / path・commit・comment・walkthrough固有データ,acceptance,"walkthrough.spec.ts:1190 のユーザーフローを実行し、expect(page.locator("".markdown-selection-comment-action""))を観測","expect(page.locator("".markdown-selection-comment-action"")).toHaveCount(0) が成立する",production buildのChromium full E2Eでassertion成立,passed,,,product code変更なし,full E2E 59/59,walkthrough.spec.ts:1190,matcher=toHaveCount / 697 unique assertionsから51 flowsをround-robin抽出
UAT-164,e2e-observation,2026-08-16T16:20:00+09:00,2026-08-16T16:20:00+09:00,ウォークスルー,resizes the sidebar and two reading panes with pointer drag,fixture PR / production build / Chromium / path・commit・comment・walkthrough固有データ,acceptance,walkthrough.spec.ts:1253 のユーザーフローを実行し、expect(sidebarHandle)を観測,"expect(sidebarHandle).toHaveCSS(""border-left-width"", ""0px"") が成立する",production buildのChromium full E2Eでassertion成立,passed,,,product code変更なし,full E2E 59/59,walkthrough.spec.ts:1253,matcher=toHaveCSS / 697 unique assertionsから51 flowsをround-robin抽出
UAT-165,e2e-observation,2026-08-16T16:20:00+09:00,2026-08-16T16:20:00+09:00,ウォークスルー,keeps readable minimum widths on a narrow viewport,fixture PR / production build / Chromium / path・commit・comment・walkthrough固有データ,acceptance,"walkthrough.spec.ts:1312 のユーザーフローを実行し、expect(page.locator('.document-pane[data-pane=""right""]'))を観測","expect(page.locator('.document-pane[data-pane=""right""]')).toBeVisible() が成立する",production buildのChromium full E2Eでassertion成立,passed,,,product code変更なし,full E2E 59/59,walkthrough.spec.ts:1312,matcher=toBeVisible / 697 unique assertionsから51 flowsをround-robin抽出
UAT-166,e2e-observation,2026-08-16T16:20:00+09:00,2026-08-16T16:20:00+09:00,ウォークスルー,refreshes an open walkthrough in place after an agent update,fixture PR / production build / Chromium / path・commit・comment・walkthrough固有データ,acceptance,"walkthrough.spec.ts:1358 のユーザーフローを実行し、expect(page.getByRole(""tab"", { name: updatedTitle }))を観測","expect(page.getByRole(""tab"", { name: updatedTitle })).toHaveAttribute( ""aria-selected"", ""true"", ) が成立する",production buildのChromium full E2Eでassertion成立,passed,,,product code変更なし,full E2E 59/59,walkthrough.spec.ts:1358,matcher=toHaveAttribute / 697 unique assertionsから51 flowsをround-robin抽出
UAT-167,e2e-observation,2026-08-16T16:20:00+09:00,2026-08-16T16:20:00+09:00,コメント,comments on the walkthrough as a whole,fixture PR / production build / Chromium / path・commit・comment・walkthrough固有データ,acceptance,walkthrough.spec.ts:1390 のユーザーフローを実行し、expect(sidebarComment)を観測,expect(sidebarComment).toBeVisible() が成立する,production buildのChromium full E2Eでassertion成立,passed,,,product code変更なし,full E2E 59/59,walkthrough.spec.ts:1390,matcher=toBeVisible / 697 unique assertionsから51 flowsをround-robin抽出
UAT-168,e2e-observation,2026-08-16T16:20:00+09:00,2026-08-16T16:20:00+09:00,コメント,comments on selected walkthrough lines and marks them Outdated after replacement,fixture PR / production build / Chromium / path・commit・comment・walkthrough固有データ,acceptance,"walkthrough.spec.ts:1438 のユーザーフローを実行し、expect(inlineLineComment.getByText(""L5"", { exact: true }))を観測","expect(inlineLineComment.getByText(""L5"", { exact: true })).toBeVisible() が成立する",production buildのChromium full E2Eでassertion成立,passed,,,product code変更なし,full E2E 59/59,walkthrough.spec.ts:1438,matcher=toBeVisible / 697 unique assertionsから51 flowsをround-robin抽出
UAT-169,e2e-observation,2026-08-16T16:20:00+09:00,2026-08-16T16:20:00+09:00,ウォークスルー,deletes an unnecessary walkthrough and its whole-document feedback after confirmation,fixture PR / production build / Chromium / path・commit・comment・walkthrough固有データ,acceptance,"walkthrough.spec.ts:1583 のユーザーフローを実行し、expect(page.getByRole(""tab"", { name: title }))を観測","expect(page.getByRole(""tab"", { name: title })).toHaveCount(0) が成立する",production buildのChromium full E2Eでassertion成立,passed,,,product code変更なし,full E2E 59/59,walkthrough.spec.ts:1583,matcher=toHaveCount / 697 unique assertionsから51 flowsをround-robin抽出
UAT-170,e2e-observation,2026-08-16T16:20:00+09:00,2026-08-16T16:20:00+09:00,コメント,"reviews a line across commits, preserves the tabbed UI, and resolves it",fixture PR / production build / Chromium / path・commit・comment・walkthrough固有データ,acceptance,review-flow.spec.ts:20 のユーザーフローを実行し、expect(pullRequestLink)を観測,"expect(pullRequestLink).toHaveAttribute(""target"", ""_blank"") が成立する",production buildのChromium full E2Eでassertion成立,passed,,,product code変更なし,full E2E 59/59,review-flow.spec.ts:20,matcher=toHaveAttribute / 697 unique assertionsから51 flowsをround-robin抽出
UAT-171,e2e-observation,2026-08-16T16:20:00+09:00,2026-08-16T16:20:00+09:00,コメント,keeps a comment on the current PR body placed with its saved hash and quote,fixture PR / production build / Chromium / path・commit・comment・walkthrough固有データ,acceptance,review-flow.spec.ts:833 のユーザーフローを実行し、expect(placementResponse.ok())を観測,expect(placementResponse.ok()).toBe(true) が成立する,production buildのChromium full E2Eでassertion成立,passed,,,product code変更なし,full E2E 59/59,review-flow.spec.ts:833,matcher=toBe / 697 unique assertionsから51 flowsをround-robin抽出
UAT-172,e2e-observation,2026-08-16T16:20:00+09:00,2026-08-16T16:20:00+09:00,コメント,keeps PR body preview comments interactive and stacks collapsed source menus without layout shifts,fixture PR / production build / Chromium / path・commit・comment・walkthrough固有データ,acceptance,review-flow.spec.ts:894 のユーザーフローを実行し、expect(previewThread)を観測,expect(previewThread).toBeVisible() が成立する,production buildのChromium full E2Eでassertion成立,passed,,,product code変更なし,full E2E 59/59,review-flow.spec.ts:894,matcher=toBeVisible / 697 unique assertionsから51 flowsをround-robin抽出
UAT-173,e2e-observation,2026-08-16T16:20:00+09:00,2026-08-16T16:20:00+09:00,アクセシビリティ・表示,restores the shared theme after browser storage is cleared,fixture PR / production build / Chromium / path・commit・comment・walkthrough固有データ,acceptance,"review-flow.spec.ts:1036 のユーザーフローを実行し、expect .poll(async () => { const response = await request.get(""/api/preferences/theme""); const body = (await response.json()) as { themePreference: string }; return body.themePreference; })を観測","expect .poll(async () => { const response = await request.get(""/api/preferences/theme""); const body = (await response.json()) as { themePreference: string }; return body.themePreference; }) .toBe(""system"") が成立する",production buildのChromium full E2Eでassertion成立,passed,,,product code変更なし,full E2E 59/59,review-flow.spec.ts:1036,matcher=toBe / 697 unique assertionsから51 flowsをround-robin抽出
UAT-174,e2e-observation,2026-08-16T16:20:00+09:00,2026-08-16T16:20:00+09:00,起動・統合フロー,selects and copies code text with native browser selection,fixture PR / production build / Chromium / path・commit・comment・walkthrough固有データ,acceptance,"review-flow.spec.ts:1070 のユーザーフローを実行し、expect(page.locator("".inline-comment-composer--line""))を観測","expect(page.locator("".inline-comment-composer--line"")).toHaveCount(0) が成立する",production buildのChromium full E2Eでassertion成立,passed,,,product code変更なし,full E2E 59/59,review-flow.spec.ts:1070,matcher=toHaveCount / 697 unique assertionsから51 flowsをround-robin抽出
UAT-175,e2e-observation,2026-08-16T16:20:00+09:00,2026-08-16T16:20:00+09:00,探索・検索,"searches while typing, groups occurrences, and reveals a result without changing display mode",fixture PR / production build / Chromium / path・commit・comment・walkthrough固有データ,acceptance,"review-flow.spec.ts:1114 のユーザーフローを実行し、expect(diff.locator('[data-line=""13""]'))を観測","expect(diff.locator('[data-line=""13""]')).toHaveCount(0) が成立する",production buildのChromium full E2Eでassertion成立,passed,,,product code変更なし,full E2E 59/59,review-flow.spec.ts:1114,matcher=toHaveCount / 697 unique assertionsから51 flowsをround-robin抽出
UAT-176,e2e-observation,2026-08-16T16:20:00+09:00,2026-08-16T16:20:00+09:00,アクセシビリティ・表示,keeps every sidebar stack heading visible in a short viewport,fixture PR / production build / Chromium / path・commit・comment・walkthrough固有データ,acceptance,review-flow.spec.ts:1195 のユーザーフローを実行し、expect(layout.latestToggleBottom)を観測,expect(layout.latestToggleBottom).toBeLessThanOrEqual(layout.sidebarBottom + 1) が成立する,production buildのChromium full E2Eでassertion成立,passed,,,product code変更なし,full E2E 59/59,review-flow.spec.ts:1195,matcher=toBeLessThanOrEqual / 697 unique assertionsから51 flowsをround-robin抽出
UAT-177,e2e-observation,2026-08-16T16:20:00+09:00,2026-08-16T16:20:00+09:00,起動・統合フロー,keeps useful minimum heights while sizing expanded sidebar stacks by content,fixture PR / production build / Chromium / path・commit・comment・walkthrough固有データ,acceptance,"review-flow.spec.ts:1216 のユーザーフローを実行し、expect(heightByKind.get(""sidebar-stack--comments""))を観測","expect(heightByKind.get(""sidebar-stack--comments"")).toBeGreaterThanOrEqual(210) が成立する",production buildのChromium full E2Eでassertion成立,passed,,,product code変更なし,full E2E 59/59,review-flow.spec.ts:1216,matcher=toBeGreaterThanOrEqual / 697 unique assertionsから51 flowsをround-robin抽出
UAT-178,e2e-observation,2026-08-16T16:20:00+09:00,2026-08-16T16:20:00+09:00,タブ・2ペイン,opens a fuzzy-matched file from Cmd/Ctrl+P in the active pane,fixture PR / production build / Chromium / path・commit・comment・walkthrough固有データ,acceptance,"review-flow.spec.ts:1232 のユーザーフローを実行し、expect(page.getByRole(""tab"", { name: ""src/fixture.ts"" }))を観測","expect(page.getByRole(""tab"", { name: ""src/fixture.ts"" })).toHaveAttribute( ""aria-selected"", ""true"", ) が成立する",production buildのChromium full E2Eでassertion成立,passed,,,product code変更なし,full E2E 59/59,review-flow.spec.ts:1232,matcher=toHaveAttribute / 697 unique assertionsから51 flowsをround-robin抽出
UAT-179,e2e-observation,2026-08-16T16:20:00+09:00,2026-08-16T16:20:00+09:00,タブ・2ペイン,closes other or all tabs within the selected pane,fixture PR / production build / Chromium / path・commit・comment・walkthrough固有データ,acceptance,"review-flow.spec.ts:1316 のユーザーフローを実行し、expect(rightPane.getByRole(""tab"", { name: ""src/new.ts"" }))を観測","expect(rightPane.getByRole(""tab"", { name: ""src/new.ts"" })).toBeVisible() が成立する",production buildのChromium full E2Eでassertion成立,passed,,,product code変更なし,full E2E 59/59,review-flow.spec.ts:1316,matcher=toBeVisible / 697 unique assertionsから51 flowsをround-robin抽出
UAT-180,e2e-observation,2026-08-16T16:20:00+09:00,2026-08-16T16:20:00+09:00,文書閲覧,keeps a large all-files tree responsive while documents open and close,fixture PR / production build / Chromium / path・commit・comment・walkthrough固有データ,acceptance,"review-flow.spec.ts:1363 のユーザーフローを実行し、expect( page.getByRole(""tab"", { name: ""packages/package-0000/src/index.ts"" }), )を観測","expect( page.getByRole(""tab"", { name: ""packages/package-0000/src/index.ts"" }), ).toHaveAttribute(""aria-selected"", ""true"") が成立する",production buildのChromium full E2Eでassertion成立,passed,,,product code変更なし,full E2E 59/59,review-flow.spec.ts:1363,matcher=toHaveAttribute / 697 unique assertionsから51 flowsをround-robin抽出
UAT-181,e2e-observation,2026-08-16T16:20:00+09:00,2026-08-16T16:20:00+09:00,探索・検索,uses path-specific fixture documents and a complete search index,fixture PR / production build / Chromium / path・commit・comment・walkthrough固有データ,acceptance,uat-regressions.spec.ts:53 のユーザーフローを実行し、expect(readmeBody.diff.new.text)を観測,"expect(readmeBody.diff.new.text).toContain(""Repository documentation updated."") が成立する",production buildのChromium full E2Eでassertion成立,passed,,,product code変更なし,full E2E 59/59,uat-regressions.spec.ts:53,matcher=toContain / 697 unique assertionsから51 flowsをround-robin抽出
UAT-182,e2e-observation,2026-08-16T16:20:00+09:00,2026-08-16T16:20:00+09:00,障害復旧・同期,rejects malformed and unknown pull request IDs,fixture PR / production build / Chromium / path・commit・comment・walkthrough固有データ,acceptance,"uat-regressions.spec.ts:105 のユーザーフローを実行し、expect( page.getByText(""Pull Requestが見つかりません。`rvw open`から起動し直してください。"", { exact: true, }), )を観測","expect( page.getByText(""Pull Requestが見つかりません。`rvw open`から起動し直してください。"", { exact: true, }), ).toBeVisible() が成立する",production buildのChromium full E2Eでassertion成立,passed,,,product code変更なし,full E2E 59/59,uat-regressions.spec.ts:105,matcher=toBeVisible / 697 unique assertionsから51 flowsをround-robin抽出
UAT-183,e2e-observation,2026-08-16T16:20:00+09:00,2026-08-16T16:20:00+09:00,コメント,discards in-memory comment drafts after a confirmed reset,fixture PR / production build / Chromium / path・commit・comment・walkthrough固有データ,acceptance,"uat-regressions.spec.ts:335 のユーザーフローを実行し、expect(page.getByRole(""textbox"", { name: ""ファイル全体へコメント"" }))を観測","expect(page.getByRole(""textbox"", { name: ""ファイル全体へコメント"" })).toHaveValue("""") が成立する",production buildのChromium full E2Eでassertion成立,passed,,,product code変更なし,full E2E 59/59,uat-regressions.spec.ts:335,matcher=toHaveValue / 697 unique assertionsから51 flowsをround-robin抽出
UAT-184,e2e-observation,2026-08-16T16:20:00+09:00,2026-08-16T16:20:00+09:00,文書閲覧,distinguishes virtual and repository documents with the same path,fixture PR / production build / Chromium / path・commit・comment・walkthrough固有データ,acceptance,"uat-regressions.spec.ts:442 のユーザーフローを実行し、expect( pane.getByRole(""button"", { name: ""Pull Request.md（PR本文）を閉じる"", exact: true }), )を観測","expect( pane.getByRole(""button"", { name: ""Pull Request.md（PR本文）を閉じる"", exact: true }), ).toBeVisible() が成立する",production buildのChromium full E2Eでassertion成立,passed,,,product code変更なし,full E2E 59/59,uat-regressions.spec.ts:442,matcher=toBeVisible / 697 unique assertionsから51 flowsをround-robin抽出
UAT-185,e2e-observation,2026-08-16T16:20:00+09:00,2026-08-16T16:20:00+09:00,タブ・2ペイン,defaults Markdown to preview and preserves an explicit mode per document tab,fixture PR / production build / Chromium / path・commit・comment・walkthrough固有データ,acceptance,"uat-regressions.spec.ts:700 のユーザーフローを実行し、expect(page.getByRole(""heading"", { name: ""Orders service"", exact: true }))を観測","expect(page.getByRole(""heading"", { name: ""Orders service"", exact: true })).toBeVisible() が成立する",production buildのChromium full E2Eでassertion成立,passed,,,product code変更なし,full E2E 59/59,uat-regressions.spec.ts:700,matcher=toBeVisible / 697 unique assertionsから51 flowsをround-robin抽出
UAT-186,e2e-observation,2026-08-16T16:20:00+09:00,2026-08-16T16:20:00+09:00,タブ・2ペイン,starts a newly activated document at the top of its pane,fixture PR / production build / Chromium / path・commit・comment・walkthrough固有データ,acceptance,uat-regressions.spec.ts:773 のユーザーフローを実行し、expect.poll(() => documentPane.evaluate((element) => element.scrollTop))を観測,expect.poll(() => documentPane.evaluate((element) => element.scrollTop)).toBe(0) が成立する,production buildのChromium full E2Eでassertion成立,passed,,,product code変更なし,full E2E 59/59,uat-regressions.spec.ts:773,matcher=toBe / 697 unique assertionsから51 flowsをround-robin抽出
UAT-187,e2e-observation,2026-08-16T16:20:00+09:00,2026-08-16T16:20:00+09:00,コメント,reopens an inline thread consistently after it changes while unmounted,fixture PR / production build / Chromium / path・commit・comment・walkthrough固有データ,acceptance,uat-regressions.spec.ts:824 のユーザーフローを実行し、expect(sidebar)を観測,expect(sidebar).toHaveCount(0) が成立する,production buildのChromium full E2Eでassertion成立,passed,,,product code変更なし,full E2E 59/59,uat-regressions.spec.ts:824,matcher=toHaveCount / 697 unique assertionsから51 flowsをround-robin抽出
UAT-188,e2e-observation,2026-08-16T16:20:00+09:00,2026-08-16T16:20:00+09:00,タブ・2ペイン,keeps activated overflow tabs visible and supports tablist arrow keys,fixture PR / production build / Chromium / path・commit・comment・walkthrough固有データ,acceptance,"uat-regressions.spec.ts:891 のユーザーフローを実行し、expect(rightPane.getByRole(""tab"", { name: ""src/fixture.ts"" }))を観測","expect(rightPane.getByRole(""tab"", { name: ""src/fixture.ts"" })).toHaveAttribute( ""aria-selected"", ""true"", ) が成立する",production buildのChromium full E2Eでassertion成立,passed,,,product code変更なし,full E2E 59/59,uat-regressions.spec.ts:891,matcher=toHaveAttribute / 697 unique assertionsから51 flowsをround-robin抽出
UAT-189,e2e-observation,2026-08-16T16:20:00+09:00,2026-08-16T16:20:00+09:00,タブ・2ペイン,keeps both panes reachable inside a 640px viewport,fixture PR / production build / Chromium / path・commit・comment・walkthrough固有データ,acceptance,uat-regressions.spec.ts:920 のユーザーフローを実行し、expect(rightBox).notを観測,expect(rightBox).not.toBeNull() が成立する,production buildのChromium full E2Eでassertion成立,passed,,,product code変更なし,full E2E 59/59,uat-regressions.spec.ts:920,matcher=toBeNull / 697 unique assertionsから51 flowsをround-robin抽出
UAT-190,e2e-observation,2026-08-16T16:20:00+09:00,2026-08-16T16:20:00+09:00,アクセシビリティ・表示,keeps every top bar control inside a 640px viewport,fixture PR / production build / Chromium / path・commit・comment・walkthrough固有データ,acceptance,uat-regressions.spec.ts:942 のユーザーフローを実行し、expect(actionsBox!.x + actionsBox!.width)を観測,"expect(actionsBox!.x + actionsBox!.width).toBeLessThanOrEqual( topbarBox!.x + topbarBox!.width + 1, ) が成立する",production buildのChromium full E2Eでassertion成立,passed,,,product code変更なし,full E2E 59/59,uat-regressions.spec.ts:942,matcher=toBeLessThanOrEqual / 697 unique assertionsから51 flowsをround-robin抽出
UAT-191,e2e-observation,2026-08-16T16:20:00+09:00,2026-08-16T16:20:00+09:00,ウォークスルー,keeps the beginning of code visible after narrow reference navigation,fixture PR / production build / Chromium / path・commit・comment・walkthrough固有データ,acceptance,"uat-regressions.spec.ts:967 のユーザーフローを実行し、expect.poll(() => diff.locator(""code"").evaluate((code) => code.scrollLeft))を観測","expect.poll(() => diff.locator(""code"").evaluate((code) => code.scrollLeft)).toBe(80) が成立する",production buildのChromium full E2Eでassertion成立,passed,,,product code変更なし,full E2E 59/59,uat-regressions.spec.ts:967,matcher=toBe / 697 unique assertionsから51 flowsをround-robin抽出
UAT-192,e2e-observation,2026-08-16T16:20:00+09:00,2026-08-16T16:20:00+09:00,ウォークスルー,keeps agent explanation passive until a human opens an exact code reference,fixture PR / production build / Chromium / path・commit・comment・walkthrough固有データ,acceptance,"walkthrough.spec.ts:58 のユーザーフローを実行し、expect(page.getByRole(""tab"", { name: primaryWalkthrough }))を観測","expect(page.getByRole(""tab"", { name: primaryWalkthrough })).toHaveAttribute( ""aria-selected"", ""true"", ) が成立する",production buildのChromium full E2Eでassertion成立,passed,,,product code変更なし,full E2E 59/59,walkthrough.spec.ts:58,matcher=toHaveAttribute / 697 unique assertionsから51 flowsをround-robin抽出
UAT-193,e2e-observation,2026-08-16T16:20:00+09:00,2026-08-16T16:20:00+09:00,ウォークスルー,falls back to full text for an unchanged file opened from a Walkthrough reference,fixture PR / production build / Chromium / path・commit・comment・walkthrough固有データ,acceptance,"walkthrough.spec.ts:291 のユーザーフローを実行し、expect(page.getByText(""export const application = {"", { exact: true }))を観測","expect(page.getByText(""export const application = {"", { exact: true })).toBeVisible() が成立する",production buildのChromium full E2Eでassertion成立,passed,,,product code変更なし,full E2E 59/59,walkthrough.spec.ts:291,matcher=toBeVisible / 697 unique assertionsから51 flowsをround-robin抽出
UAT-194,e2e-observation,2026-08-16T16:20:00+09:00,2026-08-16T16:20:00+09:00,ウォークスルー,keeps the PR range while switching a Walkthrough reference diff to split,fixture PR / production build / Chromium / path・commit・comment・walkthrough固有データ,acceptance,"walkthrough.spec.ts:361 のユーザーフローを実行し、expect(page.getByText(/参照元 b{8} ≠ 対象 c{8}/, { exact: true }))を観測","expect(page.getByText(/参照元 b{8} ≠ 対象 c{8}/, { exact: true })).toBeVisible() が成立する",production buildのChromium full E2Eでassertion成立,passed,,,product code変更なし,full E2E 59/59,walkthrough.spec.ts:361,matcher=toBeVisible / 697 unique assertionsから51 flowsをround-robin抽出
UAT-195,e2e-observation,2026-08-16T16:20:00+09:00,2026-08-16T16:20:00+09:00,ウォークスルー,keeps the review scope and reports a broken Walkthrough reference temporarily,fixture PR / production build / Chromium / path・commit・comment・walkthrough固有データ,acceptance,"walkthrough.spec.ts:420 のユーザーフローを実行し、expect(page.getByRole(""tab"", { name: missingPath }))を観測","expect(page.getByRole(""tab"", { name: missingPath })).toHaveCount(0) が成立する",production buildのChromium full E2Eでassertion成立,passed,,,product code変更なし,full E2E 59/59,walkthrough.spec.ts:420,matcher=toHaveCount / 697 unique assertionsから51 flowsをround-robin抽出
UAT-196,e2e-observation,2026-08-16T16:20:00+09:00,2026-08-16T16:20:00+09:00,ウォークスルー,moves document tabs between at most two panes and previews repository Markdown,fixture PR / production build / Chromium / path・commit・comment・walkthrough固有データ,acceptance,"walkthrough.spec.ts:596 のユーザーフローを実行し、expect(rightPane.getByRole(""tab"", { name: primaryWalkthrough }))を観測","expect(rightPane.getByRole(""tab"", { name: primaryWalkthrough })).toHaveAttribute( ""aria-selected"", ""true"", ) が成立する",production buildのChromium full E2Eでassertion成立,passed,,,product code変更なし,full E2E 59/59,walkthrough.spec.ts:596,matcher=toHaveAttribute / 697 unique assertionsから51 flowsをround-robin抽出
UAT-197,e2e-observation,2026-08-16T16:20:00+09:00,2026-08-16T16:20:00+09:00,ウォークスルー,"keeps native Markdown pointer selection stable across headings, tables, and code",fixture PR / production build / Chromium / path・commit・comment・walkthrough固有データ,acceptance,"walkthrough.spec.ts:891 のユーザーフローを実行し、expect .poll(() => page.evaluate(() => window.getSelection()?.toString() ?? """"))を観測","expect .poll(() => page.evaluate(() => window.getSelection()?.toString() ?? """")) .toBe(""Ready"") が成立する",production buildのChromium full E2Eでassertion成立,passed,,,product code変更なし,full E2E 59/59,walkthrough.spec.ts:891,matcher=toBe / 697 unique assertionsから51 flowsをround-robin抽出
UAT-198,e2e-observation,2026-08-16T16:20:00+09:00,2026-08-16T16:20:00+09:00,ウォークスルー,keeps walkthrough Markdown selection stable on the first interaction,fixture PR / production build / Chromium / path・commit・comment・walkthrough固有データ,acceptance,"walkthrough.spec.ts:941 のユーザーフローを実行し、expect .poll(() => page.evaluate(() => window.getSelection()?.toString() ?? """"))を観測","expect .poll(() => page.evaluate(() => window.getSelection()?.toString() ?? """")) .toBe(""Ready"") が成立する",production buildのChromium full E2Eでassertion成立,passed,,,product code変更なし,full E2E 59/59,walkthrough.spec.ts:941,matcher=toBe / 697 unique assertionsから51 flowsをround-robin抽出
UAT-199,e2e-observation,2026-08-16T16:20:00+09:00,2026-08-16T16:20:00+09:00,ウォークスルー,renders a class diagram with code-bound classes,fixture PR / production build / Chromium / path・commit・comment・walkthrough固有データ,acceptance,walkthrough.spec.ts:962 のユーザーフローを実行し、expect(orderClass)を観測,"expect(orderClass).toHaveCSS(""cursor"", ""pointer"") が成立する",production buildのChromium full E2Eでassertion成立,passed,,,product code変更なし,full E2E 59/59,walkthrough.spec.ts:962,matcher=toHaveCSS / 697 unique assertionsから51 flowsをround-robin抽出
UAT-200,e2e-observation,2026-08-16T16:20:00+09:00,2026-08-16T16:20:00+09:00,コメント,renders the Markdown walkthrough showcase and keeps every expression commentable,fixture PR / production build / Chromium / path・commit・comment・walkthrough固有データ,acceptance,"walkthrough.spec.ts:1000 のユーザーフローを実行し、expect(summaryTable.getByRole(""columnheader"", { name: ""観点"" }))を観測","expect(summaryTable.getByRole(""columnheader"", { name: ""観点"" })).toBeVisible() が成立する",production buildのChromium full E2Eでassertion成立,passed,,,product code変更なし,full E2E 59/59,walkthrough.spec.ts:1000,matcher=toBeVisible / 697 unique assertionsから51 flowsをround-robin抽出
UAT-201,e2e-observation,2026-08-16T16:20:00+09:00,2026-08-16T16:20:00+09:00,コメント,keeps Markdown comment menus reachable across narrow viewports,fixture PR / production build / Chromium / path・commit・comment・walkthrough固有データ,acceptance,walkthrough.spec.ts:1144 のユーザーフローを実行し、expect(box!.x + box!.width)を観測,expect(box!.x + box!.width).toBeLessThanOrEqual(width - 8 + 1) が成立する,production buildのChromium full E2Eでassertion成立,passed,,,product code変更なし,full E2E 59/59,walkthrough.spec.ts:1144,matcher=toBeLessThanOrEqual / 697 unique assertionsから51 flowsをround-robin抽出
UAT-202,e2e-observation,2026-08-16T16:20:00+09:00,2026-08-16T16:20:00+09:00,コメント,normalizes mixed Markdown selections and ignores comment UI text,fixture PR / production build / Chromium / path・commit・comment・walkthrough固有データ,acceptance,"walkthrough.spec.ts:1197 のユーザーフローを実行し、expect(page.getByRole(""button"", { name: ""L57–60へコメント"" }))を観測","expect(page.getByRole(""button"", { name: ""L57–60へコメント"" })).toBeVisible() が成立する",production buildのChromium full E2Eでassertion成立,passed,,,product code変更なし,full E2E 59/59,walkthrough.spec.ts:1197,matcher=toBeVisible / 697 unique assertionsから51 flowsをround-robin抽出
UAT-203,e2e-observation,2026-08-16T16:20:00+09:00,2026-08-16T16:20:00+09:00,ウォークスルー,resizes the sidebar and two reading panes with pointer drag,fixture PR / production build / Chromium / path・commit・comment・walkthrough固有データ,acceptance,walkthrough.spec.ts:1254 のユーザーフローを実行し、expect(sidebarHandle)を観測,"expect(sidebarHandle).toHaveCSS(""border-right-width"", ""0px"") が成立する",production buildのChromium full E2Eでassertion成立,passed,,,product code変更なし,full E2E 59/59,walkthrough.spec.ts:1254,matcher=toHaveCSS / 697 unique assertionsから51 flowsをround-robin抽出
UAT-204,e2e-observation,2026-08-16T16:20:00+09:00,2026-08-16T16:20:00+09:00,ウォークスルー,keeps readable minimum widths on a narrow viewport,fixture PR / production build / Chromium / path・commit・comment・walkthrough固有データ,acceptance,walkthrough.spec.ts:1316 のユーザーフローを実行し、expect(paneWidths)を観測,expect(paneWidths).toHaveLength(2) が成立する,production buildのChromium full E2Eでassertion成立,passed,,,product code変更なし,full E2E 59/59,walkthrough.spec.ts:1316,matcher=toHaveLength / 697 unique assertionsから51 flowsをround-robin抽出
UAT-205,e2e-observation,2026-08-16T16:20:00+09:00,2026-08-16T16:20:00+09:00,ウォークスルー,refreshes an open walkthrough in place after an agent update,fixture PR / production build / Chromium / path・commit・comment・walkthrough固有データ,acceptance,"walkthrough.spec.ts:1362 のユーザーフローを実行し、expect(page.getByRole(""tab"", { name: originalTitle }))を観測","expect(page.getByRole(""tab"", { name: originalTitle })).toHaveCount(0) が成立する",production buildのChromium full E2Eでassertion成立,passed,,,product code変更なし,full E2E 59/59,walkthrough.spec.ts:1362,matcher=toHaveCount / 697 unique assertionsから51 flowsをround-robin抽出
UAT-206,e2e-observation,2026-08-16T16:20:00+09:00,2026-08-16T16:20:00+09:00,コメント,comments on the walkthrough as a whole,fixture PR / production build / Chromium / path・commit・comment・walkthrough固有データ,acceptance,"walkthrough.spec.ts:1391 のユーザーフローを実行し、expect( sidebarComment.getByText(`${primaryWalkthrough} · ウォークスルー全体`, { exact: true }), )を観測","expect( sidebarComment.getByText(`${primaryWalkthrough} · ウォークスルー全体`, { exact: true }), ).toBeVisible() が成立する",production buildのChromium full E2Eでassertion成立,passed,,,product code変更なし,full E2E 59/59,walkthrough.spec.ts:1391,matcher=toBeVisible / 697 unique assertionsから51 flowsをround-robin抽出
UAT-207,e2e-observation,2026-08-16T16:20:00+09:00,2026-08-16T16:20:00+09:00,コメント,comments on selected walkthrough lines and marks them Outdated after replacement,fixture PR / production build / Chromium / path・commit・comment・walkthrough固有データ,acceptance,walkthrough.spec.ts:1439 のユーザーフローを実行し、expect(explanationLine).notを観測,expect(explanationLine).not.toHaveClass(/rvw-markdown-commented/) が成立する,production buildのChromium full E2Eでassertion成立,passed,,,product code変更なし,full E2E 59/59,walkthrough.spec.ts:1439,matcher=toHaveClass / 697 unique assertionsから51 flowsをround-robin抽出
UAT-208,e2e-observation,2026-08-16T16:20:00+09:00,2026-08-16T16:20:00+09:00,ウォークスルー,deletes an unnecessary walkthrough and its whole-document feedback after confirmation,fixture PR / production build / Chromium / path・commit・comment・walkthrough固有データ,acceptance,"walkthrough.spec.ts:1584 のユーザーフローを実行し、expect(page.getByRole(""button"", { name: ""ウォークスルー 4"", exact: true }))を観測","expect(page.getByRole(""button"", { name: ""ウォークスルー 4"", exact: true })).toBeVisible() が成立する",production buildのChromium full E2Eでassertion成立,passed,,,product code変更なし,full E2E 59/59,walkthrough.spec.ts:1584,matcher=toBeVisible / 697 unique assertionsから51 flowsをround-robin抽出
UAT-209,e2e-observation,2026-08-16T16:20:00+09:00,2026-08-16T16:20:00+09:00,コメント,"reviews a line across commits, preserves the tabbed UI, and resolves it",fixture PR / production build / Chromium / path・commit・comment・walkthrough固有データ,acceptance,review-flow.spec.ts:39 のユーザーフローを実行し、expect(viewportLayout.bodyScrollHeight)を観測,expect(viewportLayout.bodyScrollHeight).toBe(viewportLayout.bodyClientHeight) が成立する,production buildのChromium full E2Eでassertion成立,passed,,,product code変更なし,full E2E 59/59,review-flow.spec.ts:39,matcher=toBe / 697 unique assertionsから51 flowsをround-robin抽出
UAT-210,e2e-observation,2026-08-16T16:20:00+09:00,2026-08-16T16:20:00+09:00,コメント,keeps a comment on the current PR body placed with its saved hash and quote,fixture PR / production build / Chromium / path・commit・comment・walkthrough固有データ,acceptance,review-flow.spec.ts:834 のユーザーフローを実行し、expect(placementResponse.json()).resolvesを観測,"expect(placementResponse.json()).resolves.toMatchObject({ placement: { outdated: false, range: { startLine: 3, endLine: 4 }, path: ""Pull Request.md"", }, }) が成立する",production buildのChromium full E2Eでassertion成立,passed,,,product code変更なし,full E2E 59/59,review-flow.spec.ts:834,matcher=toMatchObject / 697 unique assertionsから51 flowsをround-robin抽出
UAT-211,e2e-observation,2026-08-16T16:20:00+09:00,2026-08-16T16:20:00+09:00,コメント,keeps PR body preview comments interactive and stacks collapsed source menus without layout shifts,fixture PR / production build / Chromium / path・commit・comment・walkthrough固有データ,acceptance,review-flow.spec.ts:898 のユーザーフローを実行し、expect(replyElement).notを観測,expect(replyElement).not.toBeNull() が成立する,production buildのChromium full E2Eでassertion成立,passed,,,product code変更なし,full E2E 59/59,review-flow.spec.ts:898,matcher=toBeNull / 697 unique assertionsから51 flowsをround-robin抽出
UAT-212,e2e-observation,2026-08-16T16:20:00+09:00,2026-08-16T16:20:00+09:00,起動・統合フロー,selects and copies code text with native browser selection,fixture PR / production build / Chromium / path・commit・comment・walkthrough固有データ,acceptance,"review-flow.spec.ts:1073 のユーザーフローを実行し、expect .poll(async () => page.evaluate(() => window.getSelection()?.toString() ?? """"))を観測","expect .poll(async () => page.evaluate(() => window.getSelection()?.toString() ?? """")) .toBe(""fixture"") が成立する",production buildのChromium full E2Eでassertion成立,passed,,,product code変更なし,full E2E 59/59,review-flow.spec.ts:1073,matcher=toBe / 697 unique assertionsから51 flowsをround-robin抽出
UAT-213,e2e-observation,2026-08-16T16:20:00+09:00,2026-08-16T16:20:00+09:00,探索・検索,"searches while typing, groups occurrences, and reveals a result without changing display mode",fixture PR / production build / Chromium / path・commit・comment・walkthrough固有データ,acceptance,review-flow.spec.ts:1118 のユーザーフローを実行し、expect(searchInput)を観測,expect(searchInput).toBeFocused() が成立する,production buildのChromium full E2Eでassertion成立,passed,,,product code変更なし,full E2E 59/59,review-flow.spec.ts:1118,matcher=toBeFocused / 697 unique assertionsから51 flowsをround-robin抽出
UAT-214,e2e-observation,2026-08-16T16:20:00+09:00,2026-08-16T16:20:00+09:00,アクセシビリティ・表示,keeps every sidebar stack heading visible in a short viewport,fixture PR / production build / Chromium / path・commit・comment・walkthrough固有データ,acceptance,review-flow.spec.ts:1196 のユーザーフローを実行し、expect(layout.bodyOverflow)を観測,"expect(layout.bodyOverflow).toEqual([""auto"", ""auto"", ""auto"", ""auto""]) が成立する",production buildのChromium full E2Eでassertion成立,passed,,,product code変更なし,full E2E 59/59,review-flow.spec.ts:1196,matcher=toEqual / 697 unique assertionsから51 flowsをround-robin抽出
UAT-215,e2e-observation,2026-08-16T16:20:00+09:00,2026-08-16T16:20:00+09:00,起動・統合フロー,keeps useful minimum heights while sizing expanded sidebar stacks by content,fixture PR / production build / Chromium / path・commit・comment・walkthrough固有データ,acceptance,"review-flow.spec.ts:1217 のユーザーフローを実行し、expect(heightByKind.get(""sidebar-stack--walkthroughs""))を観測","expect(heightByKind.get(""sidebar-stack--walkthroughs"")).toBeGreaterThanOrEqual(180) が成立する",production buildのChromium full E2Eでassertion成立,passed,,,product code変更なし,full E2E 59/59,review-flow.spec.ts:1217,matcher=toBeGreaterThanOrEqual / 697 unique assertionsから51 flowsをround-robin抽出
UAT-216,e2e-observation,2026-08-16T16:20:00+09:00,2026-08-16T16:20:00+09:00,タブ・2ペイン,opens a fuzzy-matched file from Cmd/Ctrl+P in the active pane,fixture PR / production build / Chromium / path・commit・comment・walkthrough固有データ,acceptance,"review-flow.spec.ts:1241 のユーザーフローを実行し、expect(rightPane.getByRole(""tab"", { name: ""src/new.ts"" }))を観測","expect(rightPane.getByRole(""tab"", { name: ""src/new.ts"" })).toHaveAttribute( ""aria-selected"", ""true"", ) が成立する",production buildのChromium full E2Eでassertion成立,passed,,,product code変更なし,full E2E 59/59,review-flow.spec.ts:1241,matcher=toHaveAttribute / 697 unique assertionsから51 flowsをround-robin抽出
UAT-217,e2e-observation,2026-08-16T16:20:00+09:00,2026-08-16T16:20:00+09:00,タブ・2ペイン,closes other or all tabs within the selected pane,fixture PR / production build / Chromium / path・commit・comment・walkthrough固有データ,acceptance,"review-flow.spec.ts:1320 のユーザーフローを実行し、expect(leftPane.getByRole(""tab"", { name: ""src/new.ts"" }))を観測","expect(leftPane.getByRole(""tab"", { name: ""src/new.ts"" })).toBeVisible() が成立する",production buildのChromium full E2Eでassertion成立,passed,,,product code変更なし,full E2E 59/59,review-flow.spec.ts:1320,matcher=toBeVisible / 697 unique assertionsから51 flowsをround-robin抽出
UAT-218,e2e-observation,2026-08-16T16:20:00+09:00,2026-08-16T16:20:00+09:00,探索・検索,uses path-specific fixture documents and a complete search index,fixture PR / production build / Chromium / path・commit・comment・walkthrough固有データ,acceptance,uat-regressions.spec.ts:54 のユーザーフローを実行し、expect(readmeBody.diff.new.text).notを観測,"expect(readmeBody.diff.new.text).not.toContain(""export function fixture"") が成立する",production buildのChromium full E2Eでassertion成立,passed,,,product code変更なし,full E2E 59/59,uat-regressions.spec.ts:54,matcher=toContain / 697 unique assertionsから51 flowsをround-robin抽出
UAT-219,e2e-observation,2026-08-16T16:20:00+09:00,2026-08-16T16:20:00+09:00,文書閲覧,distinguishes virtual and repository documents with the same path,fixture PR / production build / Chromium / path・commit・comment・walkthrough固有データ,acceptance,"uat-regressions.spec.ts:445 のユーザーフローを実行し、expect( pane.getByRole(""button"", { name: ""Pull Request.md（repository）を閉じる"", exact: true }), )を観測","expect( pane.getByRole(""button"", { name: ""Pull Request.md（repository）を閉じる"", exact: true }), ).toBeVisible() が成立する",production buildのChromium full E2Eでassertion成立,passed,,,product code変更なし,full E2E 59/59,uat-regressions.spec.ts:445,matcher=toBeVisible / 697 unique assertionsから51 flowsをround-robin抽出
UAT-220,e2e-observation,2026-08-16T16:20:00+09:00,2026-08-16T16:20:00+09:00,タブ・2ペイン,defaults Markdown to preview and preserves an explicit mode per document tab,fixture PR / production build / Chromium / path・commit・comment・walkthrough固有データ,acceptance,"uat-regressions.spec.ts:704 のユーザーフローを実行し、expect(page.getByRole(""button"", { name: ""Source"", exact: true }))を観測","expect(page.getByRole(""button"", { name: ""Source"", exact: true })).toHaveAttribute( ""aria-pressed"", ""true"", ) が成立する",production buildのChromium full E2Eでassertion成立,passed,,,product code変更なし,full E2E 59/59,uat-regressions.spec.ts:704,matcher=toHaveAttribute / 697 unique assertionsから51 flowsをround-robin抽出
UAT-221,e2e-observation,2026-08-16T16:20:00+09:00,2026-08-16T16:20:00+09:00,タブ・2ペイン,starts a newly activated document at the top of its pane,fixture PR / production build / Chromium / path・commit・comment・walkthrough固有データ,acceptance,uat-regressions.spec.ts:782 のユーザーフローを実行し、expect(positions.firstLineTop)を観測,expect(positions.firstLineTop).toBeGreaterThanOrEqual(positions.headerBottom - 1) が成立する,production buildのChromium full E2Eでassertion成立,passed,,,product code変更なし,full E2E 59/59,uat-regressions.spec.ts:782,matcher=toBeGreaterThanOrEqual / 697 unique assertionsから51 flowsをround-robin抽出
UAT-222,e2e-observation,2026-08-16T16:20:00+09:00,2026-08-16T16:20:00+09:00,コメント,reopens an inline thread consistently after it changes while unmounted,fixture PR / production build / Chromium / path・commit・comment・walkthrough固有データ,acceptance,uat-regressions.spec.ts:828 のユーザーフローを実行し、expect(resolvedSidebar)を観測,expect(resolvedSidebar).toHaveCount(0) が成立する,production buildのChromium full E2Eでassertion成立,passed,,,product code変更なし,full E2E 59/59,uat-regressions.spec.ts:828,matcher=toHaveCount / 697 unique assertionsから51 flowsをround-robin抽出
UAT-223,e2e-observation,2026-08-16T16:20:00+09:00,2026-08-16T16:20:00+09:00,タブ・2ペイン,keeps both panes reachable inside a 640px viewport,fixture PR / production build / Chromium / path・commit・comment・walkthrough固有データ,acceptance,uat-regressions.spec.ts:921 のユーザーフローを実行し、expect(rightBox!.x)を観測,expect(rightBox!.x).toBeGreaterThanOrEqual(mainBox!.x - 1) が成立する,production buildのChromium full E2Eでassertion成立,passed,,,product code変更なし,full E2E 59/59,uat-regressions.spec.ts:921,matcher=toBeGreaterThanOrEqual / 697 unique assertionsから51 flowsをround-robin抽出
UAT-224,e2e-observation,2026-08-16T16:20:00+09:00,2026-08-16T16:20:00+09:00,ウォークスルー,keeps agent explanation passive until a human opens an exact code reference,fixture PR / production build / Chromium / path・commit・comment・walkthrough固有データ,acceptance,"walkthrough.spec.ts:62 のユーザーフローを実行し、expect(page.getByRole(""heading"", { name: ""注文作成フローの全体像"" }))を観測","expect(page.getByRole(""heading"", { name: ""注文作成フローの全体像"" })).toBeVisible() が成立する",production buildのChromium full E2Eでassertion成立,passed,,,product code変更なし,full E2E 59/59,walkthrough.spec.ts:62,matcher=toBeVisible / 697 unique assertionsから51 flowsをround-robin抽出
UAT-225,e2e-observation,2026-08-16T16:20:00+09:00,2026-08-16T16:20:00+09:00,ウォークスルー,falls back to full text for an unchanged file opened from a Walkthrough reference,fixture PR / production build / Chromium / path・commit・comment・walkthrough固有データ,acceptance,"walkthrough.spec.ts:292 のユーザーフローを実行し、expect(reviewScope.getByRole(""button"", { name: ""stacked"", exact: true }))を観測","expect(reviewScope.getByRole(""button"", { name: ""stacked"", exact: true })).toBeDisabled() が成立する",production buildのChromium full E2Eでassertion成立,passed,,,product code変更なし,full E2E 59/59,walkthrough.spec.ts:292,matcher=toBeDisabled / 697 unique assertionsから51 flowsをround-robin抽出
UAT-226,e2e-observation,2026-08-16T16:20:00+09:00,2026-08-16T16:20:00+09:00,ウォークスルー,keeps the PR range while switching a Walkthrough reference diff to split,fixture PR / production build / Chromium / path・commit・comment・walkthrough固有データ,acceptance,walkthrough.spec.ts:362 のユーザーフローを実行し、expect(commitPicker)を観測,"expect(commitPicker).toHaveAttribute(""aria-label"", initialCommitSelection!) が成立する",production buildのChromium full E2Eでassertion成立,passed,,,product code変更なし,full E2E 59/59,walkthrough.spec.ts:362,matcher=toHaveAttribute / 697 unique assertionsから51 flowsをround-robin抽出
UAT-227,e2e-observation,2026-08-16T16:20:00+09:00,2026-08-16T16:20:00+09:00,ウォークスルー,keeps the review scope and reports a broken Walkthrough reference temporarily,fixture PR / production build / Chromium / path・commit・comment・walkthrough固有データ,acceptance,"walkthrough.spec.ts:421 のユーザーフローを実行し、expect(page.locator('.document-pane[data-pane=""right""]'))を観測","expect(page.locator('.document-pane[data-pane=""right""]')).toHaveCount(0) が成立する",production buildのChromium full E2Eでassertion成立,passed,,,product code変更なし,full E2E 59/59,walkthrough.spec.ts:421,matcher=toHaveCount / 697 unique assertionsから51 flowsをround-robin抽出
UAT-228,e2e-observation,2026-08-16T16:20:00+09:00,2026-08-16T16:20:00+09:00,ウォークスルー,moves document tabs between at most two panes and previews repository Markdown,fixture PR / production build / Chromium / path・commit・comment・walkthrough固有データ,acceptance,"walkthrough.spec.ts:600 のユーザーフローを実行し、expect(page.locator('.document-pane[data-pane=""left""] diffs-container'))を観測","expect(page.locator('.document-pane[data-pane=""left""] diffs-container')).toHaveAttribute( ""data-search-target-line"", ""10"", ) が成立する",production buildのChromium full E2Eでassertion成立,passed,,,product code変更なし,full E2E 59/59,walkthrough.spec.ts:600,matcher=toHaveAttribute / 697 unique assertionsから51 flowsをround-robin抽出
UAT-229,e2e-observation,2026-08-16T16:20:00+09:00,2026-08-16T16:20:00+09:00,ウォークスルー,"keeps native Markdown pointer selection stable across headings, tables, and code",fixture PR / production build / Chromium / path・commit・comment・walkthrough固有データ,acceptance,"walkthrough.spec.ts:894 のユーザーフローを実行し、expect(page.getByRole(""button"", { name: ""L33へコメント"", exact: true }))を観測","expect(page.getByRole(""button"", { name: ""L33へコメント"", exact: true })).toBeVisible() が成立する",production buildのChromium full E2Eでassertion成立,passed,,,product code変更なし,full E2E 59/59,walkthrough.spec.ts:894,matcher=toBeVisible / 697 unique assertionsから51 flowsをround-robin抽出
UAT-230,e2e-observation,2026-08-16T16:20:00+09:00,2026-08-16T16:20:00+09:00,ウォークスルー,keeps walkthrough Markdown selection stable on the first interaction,fixture PR / production build / Chromium / path・commit・comment・walkthrough固有データ,acceptance,"walkthrough.spec.ts:944 のユーザーフローを実行し、expect(page.getByRole(""button"", { name: ""L11へコメント"", exact: true }))を観測","expect(page.getByRole(""button"", { name: ""L11へコメント"", exact: true })).toBeVisible() が成立する",production buildのChromium full E2Eでassertion成立,passed,,,product code変更なし,full E2E 59/59,walkthrough.spec.ts:944,matcher=toBeVisible / 697 unique assertionsから51 flowsをround-robin抽出
UAT-231,e2e-observation,2026-08-16T16:20:00+09:00,2026-08-16T16:20:00+09:00,ウォークスルー,renders a class diagram with code-bound classes,fixture PR / production build / Chromium / path・commit・comment・walkthrough固有データ,acceptance,"walkthrough.spec.ts:963 のユーザーフローを実行し、expect(orderClass.locator(""path, polygon, circle, rect"").first())を観測","expect(orderClass.locator(""path, polygon, circle, rect"").first()).toHaveCSS( ""stroke-width"", ""1.6px"", ) が成立する",production buildのChromium full E2Eでassertion成立,passed,,,product code変更なし,full E2E 59/59,walkthrough.spec.ts:963,matcher=toHaveCSS / 697 unique assertionsから51 flowsをround-robin抽出
UAT-232,e2e-observation,2026-08-16T16:20:00+09:00,2026-08-16T16:20:00+09:00,コメント,renders the Markdown walkthrough showcase and keeps every expression commentable,fixture PR / production build / Chromium / path・commit・comment・walkthrough固有データ,acceptance,"walkthrough.spec.ts:1001 のユーザーフローを実行し、expect(summaryTable.getByRole(""cell"", { name: ""⚠️ Review"" }))を観測","expect(summaryTable.getByRole(""cell"", { name: ""⚠️ Review"" })).toBeVisible() が成立する",production buildのChromium full E2Eでassertion成立,passed,,,product code変更なし,full E2E 59/59,walkthrough.spec.ts:1001,matcher=toBeVisible / 697 unique assertionsから51 flowsをround-robin抽出
UAT-233,e2e-observation,2026-08-16T16:20:00+09:00,2026-08-16T16:20:00+09:00,コメント,keeps Markdown comment menus reachable across narrow viewports,fixture PR / production build / Chromium / path・commit・comment・walkthrough固有データ,acceptance,walkthrough.spec.ts:1145 のユーザーフローを実行し、expect(box!.y)を観測,expect(box!.y).toBeGreaterThanOrEqual(8) が成立する,production buildのChromium full E2Eでassertion成立,passed,,,product code変更なし,full E2E 59/59,walkthrough.spec.ts:1145,matcher=toBeGreaterThanOrEqual / 697 unique assertionsから51 flowsをround-robin抽出
UAT-234,e2e-observation,2026-08-16T16:20:00+09:00,2026-08-16T16:20:00+09:00,コメント,normalizes mixed Markdown selections and ignores comment UI text,fixture PR / production build / Chromium / path・commit・comment・walkthrough固有データ,acceptance,"walkthrough.spec.ts:1206 のユーザーフローを実行し、expect(page.getByRole(""button"", { name: ""L23–25へコメント"" }))を観測","expect(page.getByRole(""button"", { name: ""L23–25へコメント"" })).toBeVisible() が成立する",production buildのChromium full E2Eでassertion成立,passed,,,product code変更なし,full E2E 59/59,walkthrough.spec.ts:1206,matcher=toBeVisible / 697 unique assertionsから51 flowsをround-robin抽出
UAT-235,e2e-observation,2026-08-16T16:20:00+09:00,2026-08-16T16:20:00+09:00,ウォークスルー,resizes the sidebar and two reading panes with pointer drag,fixture PR / production build / Chromium / path・commit・comment・walkthrough固有データ,acceptance,"walkthrough.spec.ts:1255 のユーザーフローを実行し、expect(await sidebarHandle.evaluate((handle) => getComputedStyle(handle, ""::after"").width))を観測","expect(await sidebarHandle.evaluate((handle) => getComputedStyle(handle, ""::after"").width)).toBe( ""2px"", ) が成立する",production buildのChromium full E2Eでassertion成立,passed,,,product code変更なし,full E2E 59/59,walkthrough.spec.ts:1255,matcher=toBe / 697 unique assertionsから51 flowsをround-robin抽出
UAT-236,e2e-observation,2026-08-16T16:20:00+09:00,2026-08-16T16:20:00+09:00,ウォークスルー,keeps readable minimum widths on a narrow viewport,fixture PR / production build / Chromium / path・commit・comment・walkthrough固有データ,acceptance,walkthrough.spec.ts:1317 のユーザーフローを実行し、expect(paneWidths.every((width) => width >= 280))を観測,expect(paneWidths.every((width) => width >= 280)).toBe(true) が成立する,production buildのChromium full E2Eでassertion成立,passed,,,product code変更なし,full E2E 59/59,walkthrough.spec.ts:1317,matcher=toBe / 697 unique assertionsから51 flowsをround-robin抽出
UAT-237,e2e-observation,2026-08-16T16:20:00+09:00,2026-08-16T16:20:00+09:00,ウォークスルー,refreshes an open walkthrough in place after an agent update,fixture PR / production build / Chromium / path・commit・comment・walkthrough固有データ,acceptance,"walkthrough.spec.ts:1363 のユーザーフローを実行し、expect( page.getByRole(""heading"", { name: ""利用者フィードバックを反映した障害説明"" }), )を観測","expect( page.getByRole(""heading"", { name: ""利用者フィードバックを反映した障害説明"" }), ).toBeVisible() が成立する",production buildのChromium full E2Eでassertion成立,passed,,,product code変更なし,full E2E 59/59,walkthrough.spec.ts:1363,matcher=toBeVisible / 697 unique assertionsから51 flowsをround-robin抽出
UAT-238,e2e-observation,2026-08-16T16:20:00+09:00,2026-08-16T16:20:00+09:00,コメント,comments on the walkthrough as a whole,fixture PR / production build / Chromium / path・commit・comment・walkthrough固有データ,acceptance,walkthrough.spec.ts:1395 のユーザーフローを実行し、expect(openTarget)を観測,expect(openTarget).toBeVisible() が成立する,production buildのChromium full E2Eでassertion成立,passed,,,product code変更なし,full E2E 59/59,walkthrough.spec.ts:1395,matcher=toBeVisible / 697 unique assertionsから51 flowsをround-robin抽出
UAT-239,e2e-observation,2026-08-16T16:20:00+09:00,2026-08-16T16:20:00+09:00,コメント,comments on selected walkthrough lines and marks them Outdated after replacement,fixture PR / production build / Chromium / path・commit・comment・walkthrough固有データ,acceptance,walkthrough.spec.ts:1441 のユーザーフローを実行し、expect(explanationLine)を観測,expect(explanationLine).toHaveClass(/rvw-markdown-commented/) が成立する,production buildのChromium full E2Eでassertion成立,passed,,,product code変更なし,full E2E 59/59,walkthrough.spec.ts:1441,matcher=toHaveClass / 697 unique assertionsから51 flowsをround-robin抽出
UAT-240,e2e-observation,2026-08-16T16:20:00+09:00,2026-08-16T16:20:00+09:00,ウォークスルー,deletes an unnecessary walkthrough and its whole-document feedback after confirmation,fixture PR / production build / Chromium / path・commit・comment・walkthrough固有データ,acceptance,walkthrough.spec.ts:1585 のユーザーフローを実行し、expect(page.getByText(feedback))を観測,expect(page.getByText(feedback)).toHaveCount(0) が成立する,production buildのChromium full E2Eでassertion成立,passed,,,product code変更なし,full E2E 59/59,walkthrough.spec.ts:1585,matcher=toHaveCount / 697 unique assertionsから51 flowsをround-robin抽出
UAT-241,e2e-observation,2026-08-16T16:20:00+09:00,2026-08-16T16:20:00+09:00,コメント,"reviews a line across commits, preserves the tabbed UI, and resolves it",fixture PR / production build / Chromium / path・commit・comment・walkthrough固有データ,acceptance,review-flow.spec.ts:40 のユーザーフローを実行し、expect(viewportLayout.bodyOverflow)を観測,"expect(viewportLayout.bodyOverflow).toBe(""hidden"") が成立する",production buildのChromium full E2Eでassertion成立,passed,,,product code変更なし,full E2E 59/59,review-flow.spec.ts:40,matcher=toBe / 697 unique assertionsから51 flowsをround-robin抽出
UAT-242,e2e-observation,2026-08-16T16:20:00+09:00,2026-08-16T16:20:00+09:00,コメント,keeps a comment on the current PR body placed with its saved hash and quote,fixture PR / production build / Chromium / path・commit・comment・walkthrough固有データ,acceptance,review-flow.spec.ts:843 のユーザーフローを実行し、expect(deleteResponse.ok())を観測,expect(deleteResponse.ok()).toBe(true) が成立する,production buildのChromium full E2Eでassertion成立,passed,,,product code変更なし,full E2E 59/59,review-flow.spec.ts:843,matcher=toBe / 697 unique assertionsから51 flowsをround-robin抽出
UAT-243,e2e-observation,2026-08-16T16:20:00+09:00,2026-08-16T16:20:00+09:00,コメント,keeps PR body preview comments interactive and stacks collapsed source menus without layout shifts,fixture PR / production build / Chromium / path・commit・comment・walkthrough固有データ,acceptance,review-flow.spec.ts:900 のユーザーフローを実行し、expect(await replyElement.evaluate((element) => element.isConnected))を観測,expect(await replyElement.evaluate((element) => element.isConnected)).toBe(true) が成立する,production buildのChromium full E2Eでassertion成立,passed,,,product code変更なし,full E2E 59/59,review-flow.spec.ts:900,matcher=toBe / 697 unique assertionsから51 flowsをround-robin抽出
UAT-244,e2e-observation,2026-08-16T16:20:00+09:00,2026-08-16T16:20:00+09:00,起動・統合フロー,selects and copies code text with native browser selection,fixture PR / production build / Chromium / path・commit・comment・walkthrough固有データ,acceptance,review-flow.spec.ts:1082 のユーザーフローを実行し、expect(valueIdentifier)を観測,expect(valueIdentifier).toBeVisible() が成立する,production buildのChromium full E2Eでassertion成立,passed,,,product code変更なし,full E2E 59/59,review-flow.spec.ts:1082,matcher=toBeVisible / 697 unique assertionsから51 flowsをround-robin抽出
UAT-245,e2e-observation,2026-08-16T16:20:00+09:00,2026-08-16T16:20:00+09:00,探索・検索,"searches while typing, groups occurrences, and reveals a result without changing display mode",fixture PR / production build / Chromium / path・commit・comment・walkthrough固有データ,acceptance,review-flow.spec.ts:1121 のユーザーフローを実行し、expect(page.getByText(/\d+件・\d+ファイル/))を観測,expect(page.getByText(/\d+件・\d+ファイル/)).toBeVisible() が成立する,production buildのChromium full E2Eでassertion成立,passed,,,product code変更なし,full E2E 59/59,review-flow.spec.ts:1121,matcher=toBeVisible / 697 unique assertionsから51 flowsをround-robin抽出
UAT-246,e2e-observation,2026-08-16T16:20:00+09:00,2026-08-16T16:20:00+09:00,タブ・2ペイン,opens a fuzzy-matched file from Cmd/Ctrl+P in the active pane,fixture PR / production build / Chromium / path・commit・comment・walkthrough固有データ,acceptance,"review-flow.spec.ts:1249 のユーザーフローを実行し、expect(rightPane.getByRole(""tab"", { name: ""README.md"" }))を観測","expect(rightPane.getByRole(""tab"", { name: ""README.md"" })).toHaveAttribute( ""aria-selected"", ""true"", ) が成立する",production buildのChromium full E2Eでassertion成立,passed,,,product code変更なし,full E2E 59/59,review-flow.spec.ts:1249,matcher=toHaveAttribute / 697 unique assertionsから51 flowsをround-robin抽出
UAT-247,e2e-observation,2026-08-16T16:20:00+09:00,2026-08-16T16:20:00+09:00,タブ・2ペイン,closes other or all tabs within the selected pane,fixture PR / production build / Chromium / path・commit・comment・walkthrough固有データ,acceptance,review-flow.spec.ts:1321 のユーザーフローを実行し、expect(rightPane)を観測,expect(rightPane).toHaveCount(0) が成立する,production buildのChromium full E2Eでassertion成立,passed,,,product code変更なし,full E2E 59/59,review-flow.spec.ts:1321,matcher=toHaveCount / 697 unique assertionsから51 flowsをround-robin抽出
UAT-248,e2e-observation,2026-08-16T16:20:00+09:00,2026-08-16T16:20:00+09:00,探索・検索,uses path-specific fixture documents and a complete search index,fixture PR / production build / Chromium / path・commit・comment・walkthrough固有データ,acceptance,uat-regressions.spec.ts:59 のユーザーフローを実行し、expect(addedDiff.ok())を観測,expect(addedDiff.ok()).toBe(true) が成立する,production buildのChromium full E2Eでassertion成立,passed,,,product code変更なし,full E2E 59/59,uat-regressions.spec.ts:59,matcher=toBe / 697 unique assertionsから51 flowsをround-robin抽出
UAT-249,e2e-observation,2026-08-16T16:20:00+09:00,2026-08-16T16:20:00+09:00,文書閲覧,distinguishes virtual and repository documents with the same path,fixture PR / production build / Chromium / path・commit・comment・walkthrough固有データ,acceptance,"uat-regressions.spec.ts:451 のユーザーフローを実行し、expect( menu.getByRole(""menuitem"", { name: ""Pull Request.md（PR本文）"", exact: true }), )を観測","expect( menu.getByRole(""menuitem"", { name: ""Pull Request.md（PR本文）"", exact: true }), ).toBeVisible() が成立する",production buildのChromium full E2Eでassertion成立,passed,,,product code変更なし,full E2E 59/59,uat-regressions.spec.ts:451,matcher=toBeVisible / 697 unique assertionsから51 flowsをround-robin抽出
UAT-250,e2e-observation,2026-08-16T16:20:00+09:00,2026-08-16T16:20:00+09:00,タブ・2ペイン,starts a newly activated document at the top of its pane,fixture PR / production build / Chromium / path・commit・comment・walkthrough固有データ,acceptance,uat-regressions.spec.ts:787 のユーザーフローを実行し、expect.poll(() => documentPane.evaluate((element) => element.scrollTop))を観測,expect.poll(() => documentPane.evaluate((element) => element.scrollTop)).toBe(160) が成立する,production buildのChromium full E2Eでassertion成立,passed,,,product code変更なし,full E2E 59/59,uat-regressions.spec.ts:787,matcher=toBe / 697 unique assertionsから51 flowsをround-robin抽出
UAT-251,e2e-observation,2026-08-16T16:20:00+09:00,2026-08-16T16:20:00+09:00,タブ・2ペイン,keeps both panes reachable inside a 640px viewport,fixture PR / production build / Chromium / path・commit・comment・walkthrough固有データ,acceptance,uat-regressions.spec.ts:922 のユーザーフローを実行し、expect(rightBox!.x + rightBox!.width)を観測,expect(rightBox!.x + rightBox!.width).toBeLessThanOrEqual(mainBox!.x + mainBox!.width + 1) が成立する,production buildのChromium full E2Eでassertion成立,passed,,,product code変更なし,full E2E 59/59,uat-regressions.spec.ts:922,matcher=toBeLessThanOrEqual / 697 unique assertionsから51 flowsをround-robin抽出
UAT-252,e2e-observation,2026-08-16T16:20:00+09:00,2026-08-16T16:20:00+09:00,ウォークスルー,keeps agent explanation passive until a human opens an exact code reference,fixture PR / production build / Chromium / path・commit・comment・walkthrough固有データ,acceptance,"walkthrough.spec.ts:63 のユーザーフローを実行し、expect( page.getByRole(""img"", { name: ""画像: External walkthrough（自動読み込み停止）"" }), )を観測","expect( page.getByRole(""img"", { name: ""画像: External walkthrough（自動読み込み停止）"" }), ).toBeVisible() が成立する",production buildのChromium full E2Eでassertion成立,passed,,,product code変更なし,full E2E 59/59,walkthrough.spec.ts:63,matcher=toBeVisible / 697 unique assertionsから51 flowsをround-robin抽出
UAT-253,e2e-observation,2026-08-16T16:20:00+09:00,2026-08-16T16:20:00+09:00,ウォークスルー,falls back to full text for an unchanged file opened from a Walkthrough reference,fixture PR / production build / Chromium / path・commit・comment・walkthrough固有データ,acceptance,"walkthrough.spec.ts:293 のユーザーフローを実行し、expect(reviewScope.getByRole(""button"", { name: ""split"", exact: true }))を観測","expect(reviewScope.getByRole(""button"", { name: ""split"", exact: true })).toBeDisabled() が成立する",production buildのChromium full E2Eでassertion成立,passed,,,product code変更なし,full E2E 59/59,walkthrough.spec.ts:293,matcher=toBeDisabled / 697 unique assertionsから51 flowsをround-robin抽出
UAT-254,e2e-observation,2026-08-16T16:20:00+09:00,2026-08-16T16:20:00+09:00,ウォークスルー,keeps the PR range while switching a Walkthrough reference diff to split,fixture PR / production build / Chromium / path・commit・comment・walkthrough固有データ,acceptance,walkthrough.spec.ts:365 のユーザーフローを実行し、expect(splitButton)を観測,expect(splitButton).toBeEnabled() が成立する,production buildのChromium full E2Eでassertion成立,passed,,,product code変更なし,full E2E 59/59,walkthrough.spec.ts:365,matcher=toBeEnabled / 697 unique assertionsから51 flowsをround-robin抽出
UAT-255,e2e-observation,2026-08-16T16:20:00+09:00,2026-08-16T16:20:00+09:00,ウォークスルー,keeps the review scope and reports a broken Walkthrough reference temporarily,fixture PR / production build / Chromium / path・commit・comment・walkthrough固有データ,acceptance,walkthrough.spec.ts:422 のユーザーフローを実行し、expect(notice)を観測,"expect(notice).toHaveCount(0, { timeout: 4_000 }) が成立する",production buildのChromium full E2Eでassertion成立,passed,,,product code変更なし,full E2E 59/59,walkthrough.spec.ts:422,matcher=toHaveCount / 697 unique assertionsから51 flowsをround-robin抽出
UAT-256,e2e-observation,2026-08-16T16:20:00+09:00,2026-08-16T16:20:00+09:00,ウォークスルー,moves document tabs between at most two panes and previews repository Markdown,fixture PR / production build / Chromium / path・commit・comment・walkthrough固有データ,acceptance,"walkthrough.spec.ts:609 のユーザーフローを実行し、expect( page.locator('.document-pane[data-pane=""left""]').getByRole(""tab"", { name: primaryWalkthrough, }), )を観測","expect( page.locator('.document-pane[data-pane=""left""]').getByRole(""tab"", { name: primaryWalkthrough, }), ).toBeVisible() が成立する",production buildのChromium full E2Eでassertion成立,passed,,,product code変更なし,full E2E 59/59,walkthrough.spec.ts:609,matcher=toBeVisible / 697 unique assertionsから51 flowsをround-robin抽出
UAT-257,e2e-observation,2026-08-16T16:20:00+09:00,2026-08-16T16:20:00+09:00,ウォークスルー,"keeps native Markdown pointer selection stable across headings, tables, and code",fixture PR / production build / Chromium / path・commit・comment・walkthrough固有データ,acceptance,"walkthrough.spec.ts:898 のユーザーフローを実行し、expect((await dragNativeText(page, codeLine)).trim())を観測","expect((await dragNativeText(page, codeLine)).trim()).toBe(""npm test"") が成立する",production buildのChromium full E2Eでassertion成立,passed,,,product code変更なし,full E2E 59/59,walkthrough.spec.ts:898,matcher=toBe / 697 unique assertionsから51 flowsをround-robin抽出
UAT-258,e2e-observation,2026-08-16T16:20:00+09:00,2026-08-16T16:20:00+09:00,ウォークスルー,keeps walkthrough Markdown selection stable on the first interaction,fixture PR / production build / Chromium / path・commit・comment・walkthrough固有データ,acceptance,"walkthrough.spec.ts:948 のユーザーフローを実行し、expect((await dragNativeText(page, codeLine)).trim())を観測","expect((await dragNativeText(page, codeLine)).trim()).toBe(""await orders.insert(order, tx);"") が成立する",production buildのChromium full E2Eでassertion成立,passed,,,product code変更なし,full E2E 59/59,walkthrough.spec.ts:948,matcher=toBe / 697 unique assertionsから51 flowsをround-robin抽出
UAT-259,e2e-observation,2026-08-16T16:20:00+09:00,2026-08-16T16:20:00+09:00,ウォークスルー,renders a class diagram with code-bound classes,fixture PR / production build / Chromium / path・commit・comment・walkthrough固有データ,acceptance,"walkthrough.spec.ts:968 のユーザーフローを実行し、expect(page.locator('.document-pane[data-pane=""left""] diffs-container'))を観測","expect(page.locator('.document-pane[data-pane=""left""] diffs-container')).toHaveAttribute( ""data-search-target-line"", ""21"", ) が成立する",production buildのChromium full E2Eでassertion成立,passed,,,product code変更なし,full E2E 59/59,walkthrough.spec.ts:968,matcher=toHaveAttribute / 697 unique assertionsから51 flowsをround-robin抽出
UAT-260,e2e-observation,2026-08-16T16:20:00+09:00,2026-08-16T16:20:00+09:00,コメント,renders the Markdown walkthrough showcase and keeps every expression commentable,fixture PR / production build / Chromium / path・commit・comment・walkthrough固有データ,acceptance,walkthrough.spec.ts:1004 のユーザーフローを実行し、expect(taskItems)を観測,expect(taskItems).toHaveCount(4) が成立する,production buildのChromium full E2Eでassertion成立,passed,,,product code変更なし,full E2E 59/59,walkthrough.spec.ts:1004,matcher=toHaveCount / 697 unique assertionsから51 flowsをround-robin抽出
UAT-261,e2e-observation,2026-08-16T16:20:00+09:00,2026-08-16T16:20:00+09:00,コメント,keeps Markdown comment menus reachable across narrow viewports,fixture PR / production build / Chromium / path・commit・comment・walkthrough固有データ,acceptance,walkthrough.spec.ts:1146 のユーザーフローを実行し、expect(box!.y + box!.height)を観測,expect(box!.y + box!.height).toBeLessThanOrEqual(720 - 8 + 1) が成立する,production buildのChromium full E2Eでassertion成立,passed,,,product code変更なし,full E2E 59/59,walkthrough.spec.ts:1146,matcher=toBeLessThanOrEqual / 697 unique assertionsから51 flowsをround-robin抽出
UAT-262,e2e-observation,2026-08-16T16:20:00+09:00,2026-08-16T16:20:00+09:00,ウォークスルー,resizes the sidebar and two reading panes with pointer drag,fixture PR / production build / Chromium / path・commit・comment・walkthrough固有データ,acceptance,walkthrough.spec.ts:1266 のユーザーフローを実行し、expect(sidebarAfter!.width)を観測,expect(sidebarAfter!.width).toBeGreaterThan(sidebarBefore!.width + 70) が成立する,production buildのChromium full E2Eでassertion成立,passed,,,product code変更なし,full E2E 59/59,walkthrough.spec.ts:1266,matcher=toBeGreaterThan / 697 unique assertionsから51 flowsをround-robin抽出
UAT-263,e2e-observation,2026-08-16T16:20:00+09:00,2026-08-16T16:20:00+09:00,ウォークスルー,keeps readable minimum widths on a narrow viewport,fixture PR / production build / Chromium / path・commit・comment・walkthrough固有データ,acceptance,walkthrough.spec.ts:1327 のユーザーフローを実行し、expect(twoPaneScrollOwnership.workspaceScrollWidth)を観測,"expect(twoPaneScrollOwnership.workspaceScrollWidth).toBeGreaterThan( twoPaneScrollOwnership.workspaceClientWidth, ) が成立する",production buildのChromium full E2Eでassertion成立,passed,,,product code変更なし,full E2E 59/59,walkthrough.spec.ts:1327,matcher=toBeGreaterThan / 697 unique assertionsから51 flowsをround-robin抽出
UAT-264,e2e-observation,2026-08-16T16:20:00+09:00,2026-08-16T16:20:00+09:00,ウォークスルー,refreshes an open walkthrough in place after an agent update,fixture PR / production build / Chromium / path・commit・comment・walkthrough固有データ,acceptance,"walkthrough.spec.ts:1366 のユーザーフローを実行し、expect( page.locator("".walkthrough-inline-reference"").filter({ hasText: updatedReferenceLabel }), )を観測","expect( page.locator("".walkthrough-inline-reference"").filter({ hasText: updatedReferenceLabel }), ).toBeVisible() が成立する",production buildのChromium full E2Eでassertion成立,passed,,,product code変更なし,full E2E 59/59,walkthrough.spec.ts:1366,matcher=toBeVisible / 697 unique assertionsから51 flowsをround-robin抽出
UAT-265,e2e-observation,2026-08-16T16:20:00+09:00,2026-08-16T16:20:00+09:00,コメント,comments on the walkthrough as a whole,fixture PR / production build / Chromium / path・commit・comment・walkthrough固有データ,acceptance,walkthrough.spec.ts:1402 のユーザーフローを実行し、expect(wholeCommentThread).notを観測,expect(wholeCommentThread).not.toBeInViewport() が成立する,production buildのChromium full E2Eでassertion成立,passed,,,product code変更なし,full E2E 59/59,walkthrough.spec.ts:1402,matcher=toBeInViewport / 697 unique assertionsから51 flowsをround-robin抽出
UAT-266,e2e-observation,2026-08-16T16:20:00+09:00,2026-08-16T16:20:00+09:00,コメント,comments on selected walkthrough lines and marks them Outdated after replacement,fixture PR / production build / Chromium / path・commit・comment・walkthrough固有データ,acceptance,walkthrough.spec.ts:1448 のユーザーフローを実行し、expect(inlineCommentId).notを観測,expect(inlineCommentId).not.toBeNull() が成立する,production buildのChromium full E2Eでassertion成立,passed,,,product code変更なし,full E2E 59/59,walkthrough.spec.ts:1448,matcher=toBeNull / 697 unique assertionsから51 flowsをround-robin抽出
UAT-267,e2e-observation,2026-08-16T16:20:00+09:00,2026-08-16T16:20:00+09:00,コメント,"reviews a line across commits, preserves the tabbed UI, and resolves it",fixture PR / production build / Chromium / path・commit・comment・walkthrough固有データ,acceptance,review-flow.spec.ts:41 のユーザーフローを実行し、expect(viewportLayout.sidebarOverflowY)を観測,"expect(viewportLayout.sidebarOverflowY).toBe(""hidden"") が成立する",production buildのChromium full E2Eでassertion成立,passed,,,product code変更なし,full E2E 59/59,review-flow.spec.ts:41,matcher=toBe / 697 unique assertionsから51 flowsをround-robin抽出
UAT-268,e2e-observation,2026-08-16T16:20:00+09:00,2026-08-16T16:20:00+09:00,コメント,keeps PR body preview comments interactive and stacks collapsed source menus without layout shifts,fixture PR / production build / Chromium / path・commit・comment・walkthrough固有データ,acceptance,review-flow.spec.ts:903 のユーザーフローを実行し、expect(reply)を観測,"expect(reply).toHaveValue(""Previewから返信できます"") が成立する",production buildのChromium full E2Eでassertion成立,passed,,,product code変更なし,full E2E 59/59,review-flow.spec.ts:903,matcher=toHaveValue / 697 unique assertionsから51 flowsをround-robin抽出
UAT-269,e2e-observation,2026-08-16T16:20:00+09:00,2026-08-16T16:20:00+09:00,起動・統合フロー,selects and copies code text with native browser selection,fixture PR / production build / Chromium / path・commit・comment・walkthrough固有データ,acceptance,"review-flow.spec.ts:1085 のユーザーフローを実行し、expect .poll(async () => page.evaluate(() => window.getSelection()?.toString() ?? """"))を観測","expect .poll(async () => page.evaluate(() => window.getSelection()?.toString() ?? """")) .toBe(""value"") が成立する",production buildのChromium full E2Eでassertion成立,passed,,,product code変更なし,full E2E 59/59,review-flow.spec.ts:1085,matcher=toBe / 697 unique assertionsから51 flowsをround-robin抽出
UAT-270,e2e-observation,2026-08-16T16:20:00+09:00,2026-08-16T16:20:00+09:00,探索・検索,"searches while typing, groups occurrences, and reveals a result without changing display mode",fixture PR / production build / Chromium / path・commit・comment・walkthrough固有データ,acceptance,"review-flow.spec.ts:1122 のユーザーフローを実行し、expect(page.getByRole(""button"", { name: ""Pull Request.md、1件"" }))を観測","expect(page.getByRole(""button"", { name: ""Pull Request.md、1件"" })).toBeVisible() が成立する",production buildのChromium full E2Eでassertion成立,passed,,,product code変更なし,full E2E 59/59,review-flow.spec.ts:1122,matcher=toBeVisible / 697 unique assertionsから51 flowsをround-robin抽出
UAT-271,e2e-observation,2026-08-16T16:20:00+09:00,2026-08-16T16:20:00+09:00,タブ・2ペイン,opens a fuzzy-matched file from Cmd/Ctrl+P in the active pane,fixture PR / production build / Chromium / path・commit・comment・walkthrough固有データ,acceptance,"review-flow.spec.ts:1253 のユーザーフローを実行し、expect(rightPane.getByRole(""tab"", { name: ""src/new.ts"" }))を観測","expect(rightPane.getByRole(""tab"", { name: ""src/new.ts"" })).toBeVisible() が成立する",production buildのChromium full E2Eでassertion成立,passed,,,product code変更なし,full E2E 59/59,review-flow.spec.ts:1253,matcher=toBeVisible / 697 unique assertionsから51 flowsをround-robin抽出
UAT-272,e2e-observation,2026-08-16T16:20:00+09:00,2026-08-16T16:20:00+09:00,タブ・2ペイン,closes other or all tabs within the selected pane,fixture PR / production build / Chromium / path・commit・comment・walkthrough固有データ,acceptance,"review-flow.spec.ts:1325 のユーザーフローを実行し、expect(leftPane.getByRole(""tab""))を観測","expect(leftPane.getByRole(""tab"")).toHaveCount(0) が成立する",production buildのChromium full E2Eでassertion成立,passed,,,product code変更なし,full E2E 59/59,review-flow.spec.ts:1325,matcher=toHaveCount / 697 unique assertionsから51 flowsをround-robin抽出
UAT-273,e2e-observation,2026-08-16T16:20:00+09:00,2026-08-16T16:20:00+09:00,探索・検索,uses path-specific fixture documents and a complete search index,fixture PR / production build / Chromium / path・commit・comment・walkthrough固有データ,acceptance,uat-regressions.spec.ts:61 のユーザーフローを実行し、expect(addedBody.diff.old)を観測,expect(addedBody.diff.old).toBeNull() が成立する,production buildのChromium full E2Eでassertion成立,passed,,,product code変更なし,full E2E 59/59,uat-regressions.spec.ts:61,matcher=toBeNull / 697 unique assertionsから51 flowsをround-robin抽出
UAT-274,e2e-observation,2026-08-16T16:20:00+09:00,2026-08-16T16:20:00+09:00,文書閲覧,distinguishes virtual and repository documents with the same path,fixture PR / production build / Chromium / path・commit・comment・walkthrough固有データ,acceptance,"uat-regressions.spec.ts:454 のユーザーフローを実行し、expect( menu.getByRole(""menuitem"", { name: ""Pull Request.md（repository）"", exact: true }), )を観測","expect( menu.getByRole(""menuitem"", { name: ""Pull Request.md（repository）"", exact: true }), ).toBeVisible() が成立する",production buildのChromium full E2Eでassertion成立,passed,,,product code変更なし,full E2E 59/59,uat-regressions.spec.ts:454,matcher=toBeVisible / 697 unique assertionsから51 flowsをround-robin抽出
UAT-275,e2e-observation,2026-08-16T16:20:00+09:00,2026-08-16T16:20:00+09:00,ウォークスルー,keeps agent explanation passive until a human opens an exact code reference,fixture PR / production build / Chromium / path・commit・comment・walkthrough固有データ,acceptance,"walkthrough.spec.ts:66 のユーザーフローを実行し、expect(page.locator('img[src=""https://example.invalid/walkthrough.png""]'))を観測","expect(page.locator('img[src=""https://example.invalid/walkthrough.png""]')).toHaveCount(0) が成立する",production buildのChromium full E2Eでassertion成立,passed,,,product code変更なし,full E2E 59/59,walkthrough.spec.ts:66,matcher=toHaveCount / 697 unique assertionsから51 flowsをround-robin抽出
UAT-276,e2e-observation,2026-08-16T16:20:00+09:00,2026-08-16T16:20:00+09:00,ウォークスルー,keeps the PR range while switching a Walkthrough reference diff to split,fixture PR / production build / Chromium / path・commit・comment・walkthrough固有データ,acceptance,walkthrough.spec.ts:368 のユーザーフローを実行し、expect(splitButton)を観測,"expect(splitButton).toHaveAttribute(""aria-pressed"", ""true"") が成立する",production buildのChromium full E2Eでassertion成立,passed,,,product code変更なし,full E2E 59/59,walkthrough.spec.ts:368,matcher=toHaveAttribute / 697 unique assertionsから51 flowsをround-robin抽出
UAT-277,e2e-observation,2026-08-16T16:20:00+09:00,2026-08-16T16:20:00+09:00,ウォークスルー,moves document tabs between at most two panes and previews repository Markdown,fixture PR / production build / Chromium / path・commit・comment・walkthrough固有データ,acceptance,"walkthrough.spec.ts:618 のユーザーフローを実行し、expect(page.getByRole(""heading"", { name: ""Orders service"", exact: true }))を観測","expect(page.getByRole(""heading"", { name: ""Orders service"", exact: true })).toBeVisible() が成立する",production buildのChromium full E2Eでassertion成立,passed,,,product code変更なし,full E2E 59/59,walkthrough.spec.ts:618,matcher=toBeVisible / 697 unique assertionsから51 flowsをround-robin抽出
UAT-278,e2e-observation,2026-08-16T16:20:00+09:00,2026-08-16T16:20:00+09:00,ウォークスルー,"keeps native Markdown pointer selection stable across headings, tables, and code",fixture PR / production build / Chromium / path・commit・comment・walkthrough固有データ,acceptance,"walkthrough.spec.ts:899 のユーザーフローを実行し、expect(page.getByRole(""button"", { name: ""L25へコメント"", exact: true }))を観測","expect(page.getByRole(""button"", { name: ""L25へコメント"", exact: true })).toBeVisible() が成立する",production buildのChromium full E2Eでassertion成立,passed,,,product code変更なし,full E2E 59/59,walkthrough.spec.ts:899,matcher=toBeVisible / 697 unique assertionsから51 flowsをround-robin抽出
UAT-279,e2e-observation,2026-08-16T16:20:00+09:00,2026-08-16T16:20:00+09:00,ウォークスルー,keeps walkthrough Markdown selection stable on the first interaction,fixture PR / production build / Chromium / path・commit・comment・walkthrough固有データ,acceptance,"walkthrough.spec.ts:949 のユーザーフローを実行し、expect(page.getByRole(""button"", { name: ""L58へコメント"", exact: true }))を観測","expect(page.getByRole(""button"", { name: ""L58へコメント"", exact: true })).toBeVisible() が成立する",production buildのChromium full E2Eでassertion成立,passed,,,product code変更なし,full E2E 59/59,walkthrough.spec.ts:949,matcher=toBeVisible / 697 unique assertionsから51 flowsをround-robin抽出
UAT-280,e2e-observation,2026-08-16T16:20:00+09:00,2026-08-16T16:20:00+09:00,ウォークスルー,renders a class diagram with code-bound classes,fixture PR / production build / Chromium / path・commit・comment・walkthrough固有データ,acceptance,walkthrough.spec.ts:977 のユーザーフローを実行し、expect(reopenedOrderClass)を観測,expect(reopenedOrderClass).toBeVisible() が成立する,production buildのChromium full E2Eでassertion成立,passed,,,product code変更なし,full E2E 59/59,walkthrough.spec.ts:977,matcher=toBeVisible / 697 unique assertionsから51 flowsをround-robin抽出
UAT-281,e2e-observation,2026-08-16T16:20:00+09:00,2026-08-16T16:20:00+09:00,コメント,renders the Markdown walkthrough showcase and keeps every expression commentable,fixture PR / production build / Chromium / path・commit・comment・walkthrough固有データ,acceptance,"walkthrough.spec.ts:1005 のユーザーフローを実行し、expect(taskItems.nth(0).locator('input[type=""checkbox""]'))を観測","expect(taskItems.nth(0).locator('input[type=""checkbox""]')).toBeChecked() が成立する",production buildのChromium full E2Eでassertion成立,passed,,,product code変更なし,full E2E 59/59,walkthrough.spec.ts:1005,matcher=toBeChecked / 697 unique assertionsから51 flowsをround-robin抽出
UAT-282,e2e-observation,2026-08-16T16:20:00+09:00,2026-08-16T16:20:00+09:00,ウォークスルー,resizes the sidebar and two reading panes with pointer drag,fixture PR / production build / Chromium / path・commit・comment・walkthrough固有データ,acceptance,"walkthrough.spec.ts:1276 のユーザーフローを実行し、expect(rightPane.locator(""diffs-container""))を観測","expect(rightPane.locator(""diffs-container"")).toBeVisible() が成立する",production buildのChromium full E2Eでassertion成立,passed,,,product code変更なし,full E2E 59/59,walkthrough.spec.ts:1276,matcher=toBeVisible / 697 unique assertionsから51 flowsをround-robin抽出
UAT-283,e2e-observation,2026-08-16T16:20:00+09:00,2026-08-16T16:20:00+09:00,ウォークスルー,keeps readable minimum widths on a narrow viewport,fixture PR / production build / Chromium / path・commit・comment・walkthrough固有データ,acceptance,walkthrough.spec.ts:1330 のユーザーフローを実行し、expect(twoPaneScrollOwnership.mainScrollWidth)を観測,expect(twoPaneScrollOwnership.mainScrollWidth).toBe(twoPaneScrollOwnership.mainClientWidth) が成立する,production buildのChromium full E2Eでassertion成立,passed,,,product code変更なし,full E2E 59/59,walkthrough.spec.ts:1330,matcher=toBe / 697 unique assertionsから51 flowsをround-robin抽出
UAT-284,e2e-observation,2026-08-16T16:20:00+09:00,2026-08-16T16:20:00+09:00,ウォークスルー,refreshes an open walkthrough in place after an agent update,fixture PR / production build / Chromium / path・commit・comment・walkthrough固有データ,acceptance,"walkthrough.spec.ts:1369 のユーザーフローを実行し、expect(page.getByRole(""tab""))を観測","expect(page.getByRole(""tab"")).toHaveCount(2) が成立する",production buildのChromium full E2Eでassertion成立,passed,,,product code変更なし,full E2E 59/59,walkthrough.spec.ts:1369,matcher=toHaveCount / 697 unique assertionsから51 flowsをround-robin抽出
UAT-285,e2e-observation,2026-08-16T16:20:00+09:00,2026-08-16T16:20:00+09:00,コメント,comments on the walkthrough as a whole,fixture PR / production build / Chromium / path・commit・comment・walkthrough固有データ,acceptance,walkthrough.spec.ts:1404 のユーザーフローを実行し、expect(wholeCommentThread)を観測,expect(wholeCommentThread).toBeInViewport() が成立する,production buildのChromium full E2Eでassertion成立,passed,,,product code変更なし,full E2E 59/59,walkthrough.spec.ts:1404,matcher=toBeInViewport / 697 unique assertionsから51 flowsをround-robin抽出
UAT-286,e2e-observation,2026-08-16T16:20:00+09:00,2026-08-16T16:20:00+09:00,コメント,comments on selected walkthrough lines and marks them Outdated after replacement,fixture PR / production build / Chromium / path・commit・comment・walkthrough固有データ,acceptance,walkthrough.spec.ts:1453 のユーザーフローを実行し、expect(stableInlineComment)を観測,expect(stableInlineComment).toHaveClass(/is-collapsed/) が成立する,production buildのChromium full E2Eでassertion成立,passed,,,product code変更なし,full E2E 59/59,walkthrough.spec.ts:1453,matcher=toHaveClass / 697 unique assertionsから51 flowsをround-robin抽出
UAT-287,e2e-observation,2026-08-16T16:20:00+09:00,2026-08-16T16:20:00+09:00,コメント,"reviews a line across commits, preserves the tabbed UI, and resolves it",fixture PR / production build / Chromium / path・commit・comment・walkthrough固有データ,acceptance,review-flow.spec.ts:42 のユーザーフローを実行し、expect(viewportLayout.mainViewOverflowY)を観測,"expect(viewportLayout.mainViewOverflowY).toBe(""auto"") が成立する",production buildのChromium full E2Eでassertion成立,passed,,,product code変更なし,full E2E 59/59,review-flow.spec.ts:42,matcher=toBe / 697 unique assertionsから51 flowsをround-robin抽出
UAT-288,e2e-observation,2026-08-16T16:20:00+09:00,2026-08-16T16:20:00+09:00,コメント,keeps PR body preview comments interactive and stacks collapsed source menus without layout shifts,fixture PR / production build / Chromium / path・commit・comment・walkthrough固有データ,acceptance,review-flow.spec.ts:913 のユーザーフローを実行し、expect(upperSourceThread)を観測,expect(upperSourceThread).toBeVisible() が成立する,production buildのChromium full E2Eでassertion成立,passed,,,product code変更なし,full E2E 59/59,review-flow.spec.ts:913,matcher=toBeVisible / 697 unique assertionsから51 flowsをround-robin抽出
UAT-289,e2e-observation,2026-08-16T16:20:00+09:00,2026-08-16T16:20:00+09:00,起動・統合フロー,selects and copies code text with native browser selection,fixture PR / production build / Chromium / path・commit・comment・walkthrough固有データ,acceptance,review-flow.spec.ts:1089 のユーザーフローを実行し、expect.poll(async () => page.evaluate(() => navigator.clipboard.readText()))を観測,"expect.poll(async () => page.evaluate(() => navigator.clipboard.readText())).toBe(""value"") が成立する",production buildのChromium full E2Eでassertion成立,passed,,,product code変更なし,full E2E 59/59,review-flow.spec.ts:1089,matcher=toBe / 697 unique assertionsから51 flowsをround-robin抽出
UAT-290,e2e-observation,2026-08-16T16:20:00+09:00,2026-08-16T16:20:00+09:00,探索・検索,"searches while typing, groups occurrences, and reveals a result without changing display mode",fixture PR / production build / Chromium / path・commit・comment・walkthrough固有データ,acceptance,"review-flow.spec.ts:1123 のユーザーフローを実行し、expect(page.getByRole(""button"", { name: ""README.md、1件"" }))を観測","expect(page.getByRole(""button"", { name: ""README.md、1件"" })).toBeVisible() が成立する",production buildのChromium full E2Eでassertion成立,passed,,,product code変更なし,full E2E 59/59,review-flow.spec.ts:1123,matcher=toBeVisible / 697 unique assertionsから51 flowsをround-robin抽出
UAT-291,e2e-observation,2026-08-16T16:20:00+09:00,2026-08-16T16:20:00+09:00,タブ・2ペイン,closes other or all tabs within the selected pane,fixture PR / production build / Chromium / path・commit・comment・walkthrough固有データ,acceptance,"review-flow.spec.ts:1326 のユーザーフローを実行し、expect(leftPane.getByText(""左ペイン"", { exact: true }))を観測","expect(leftPane.getByText(""左ペイン"", { exact: true })).toBeVisible() が成立する",production buildのChromium full E2Eでassertion成立,passed,,,product code変更なし,full E2E 59/59,review-flow.spec.ts:1326,matcher=toBeVisible / 697 unique assertionsから51 flowsをround-robin抽出
UAT-292,e2e-observation,2026-08-16T16:20:00+09:00,2026-08-16T16:20:00+09:00,探索・検索,uses path-specific fixture documents and a complete search index,fixture PR / production build / Chromium / path・commit・comment・walkthrough固有データ,acceptance,uat-regressions.spec.ts:62 のユーザーフローを実行し、expect(addedBody.diff.new.text)を観測,"expect(addedBody.diff.new.text).toBe(""export const added = true;\n"") が成立する",production buildのChromium full E2Eでassertion成立,passed,,,product code変更なし,full E2E 59/59,uat-regressions.spec.ts:62,matcher=toBe / 697 unique assertionsから51 flowsをround-robin抽出
UAT-293,e2e-observation,2026-08-16T16:20:00+09:00,2026-08-16T16:20:00+09:00,ウォークスルー,keeps agent explanation passive until a human opens an exact code reference,fixture PR / production build / Chromium / path・commit・comment・walkthrough固有データ,acceptance,"walkthrough.spec.ts:67 のユーザーフローを実行し、expect(page.locator("".walkthrough-viewer-header .walkthrough-meta""))を観測","expect(page.locator("".walkthrough-viewer-header .walkthrough-meta"")).toHaveCount(0) が成立する",production buildのChromium full E2Eでassertion成立,passed,,,product code変更なし,full E2E 59/59,walkthrough.spec.ts:67,matcher=toHaveCount / 697 unique assertionsから51 flowsをround-robin抽出
UAT-294,e2e-observation,2026-08-16T16:20:00+09:00,2026-08-16T16:20:00+09:00,ウォークスルー,keeps the PR range while switching a Walkthrough reference diff to split,fixture PR / production build / Chromium / path・commit・comment・walkthrough固有データ,acceptance,"walkthrough.spec.ts:369 のユーザーフローを実行し、expect(rightDiff.locator('[data-diff-type=""split""]'))を観測","expect(rightDiff.locator('[data-diff-type=""split""]')).toBeVisible() が成立する",production buildのChromium full E2Eでassertion成立,passed,,,product code変更なし,full E2E 59/59,walkthrough.spec.ts:369,matcher=toBeVisible / 697 unique assertionsから51 flowsをround-robin抽出
UAT-295,e2e-observation,2026-08-16T16:20:00+09:00,2026-08-16T16:20:00+09:00,ウォークスルー,moves document tabs between at most two panes and previews repository Markdown,fixture PR / production build / Chromium / path・commit・comment・walkthrough固有データ,acceptance,"walkthrough.spec.ts:619 のユーザーフローを実行し、expect(page.getByText(""Rendered Markdown"", { exact: true }))を観測","expect(page.getByText(""Rendered Markdown"", { exact: true })).toBeVisible() が成立する",production buildのChromium full E2Eでassertion成立,passed,,,product code変更なし,full E2E 59/59,walkthrough.spec.ts:619,matcher=toBeVisible / 697 unique assertionsから51 flowsをround-robin抽出
UAT-296,e2e-observation,2026-08-16T16:20:00+09:00,2026-08-16T16:20:00+09:00,ウォークスルー,"keeps native Markdown pointer selection stable across headings, tables, and code",fixture PR / production build / Chromium / path・commit・comment・walkthrough固有データ,acceptance,"walkthrough.spec.ts:902 のユーザーフローを実行し、expect((await dragNativeText(page, ready)).trim())を観測","expect((await dragNativeText(page, ready)).trim()).toBe(""Ready"") が成立する",production buildのChromium full E2Eでassertion成立,passed,,,product code変更なし,full E2E 59/59,walkthrough.spec.ts:902,matcher=toBe / 697 unique assertionsから51 flowsをround-robin抽出
UAT-297,e2e-observation,2026-08-16T16:20:00+09:00,2026-08-16T16:20:00+09:00,ウォークスルー,renders a class diagram with code-bound classes,fixture PR / production build / Chromium / path・commit・comment・walkthrough固有データ,acceptance,"walkthrough.spec.ts:979 のユーザーフローを実行し、expect(page.locator('.document-pane[data-pane=""right""] diffs-container'))を観測","expect(page.locator('.document-pane[data-pane=""right""] diffs-container')).toHaveAttribute( ""data-search-target-line"", ""21"", ) が成立する",production buildのChromium full E2Eでassertion成立,passed,,,product code変更なし,full E2E 59/59,walkthrough.spec.ts:979,matcher=toHaveAttribute / 697 unique assertionsから51 flowsをround-robin抽出
UAT-298,e2e-observation,2026-08-16T16:20:00+09:00,2026-08-16T16:20:00+09:00,コメント,renders the Markdown walkthrough showcase and keeps every expression commentable,fixture PR / production build / Chromium / path・commit・comment・walkthrough固有データ,acceptance,"walkthrough.spec.ts:1006 のユーザーフローを実行し、expect(taskItems.nth(2).locator('input[type=""checkbox""]')).notを観測","expect(taskItems.nth(2).locator('input[type=""checkbox""]')).not.toBeChecked() が成立する",production buildのChromium full E2Eでassertion成立,passed,,,product code変更なし,full E2E 59/59,walkthrough.spec.ts:1006,matcher=toBeChecked / 697 unique assertionsから51 flowsをround-robin抽出
UAT-299,e2e-observation,2026-08-16T16:20:00+09:00,2026-08-16T16:20:00+09:00,ウォークスルー,resizes the sidebar and two reading panes with pointer drag,fixture PR / production build / Chromium / path・commit・comment・walkthrough固有データ,acceptance,walkthrough.spec.ts:1281 のユーザーフローを実行し、expect(leftBefore).notを観測,expect(leftBefore).not.toBeNull() が成立する,production buildのChromium full E2Eでassertion成立,passed,,,product code変更なし,full E2E 59/59,walkthrough.spec.ts:1281,matcher=toBeNull / 697 unique assertionsから51 flowsをround-robin抽出
UAT-300,e2e-observation,2026-08-16T16:20:00+09:00,2026-08-16T16:20:00+09:00,コメント,comments on selected walkthrough lines and marks them Outdated after replacement,fixture PR / production build / Chromium / path・commit・comment・walkthrough固有データ,acceptance,"walkthrough.spec.ts:1457 のユーザーフローを実行し、expect(stableInlineComment.getByRole(""status""))を観測","expect(stableInlineComment.getByRole(""status"")).toHaveText(""参照をコピーしました"") が成立する",production buildのChromium full E2Eでassertion成立,passed,,,product code変更なし,full E2E 59/59,walkthrough.spec.ts:1457,matcher=toHaveText / 697 unique assertionsから51 flowsをround-robin抽出
UAT-301,e2e-observation,2026-08-16T16:20:00+09:00,2026-08-16T16:20:00+09:00,コメント,"reviews a line across commits, preserves the tabbed UI, and resolves it",fixture PR / production build / Chromium / path・commit・comment・walkthrough固有データ,acceptance,review-flow.spec.ts:43 のユーザーフローを実行し、expect(viewportLayout.appHeight)を観測,expect(viewportLayout.appHeight).toBeLessThanOrEqual(viewportLayout.viewportHeight) が成立する,production buildのChromium full E2Eでassertion成立,passed,,,product code変更なし,full E2E 59/59,review-flow.spec.ts:43,matcher=toBeLessThanOrEqual / 697 unique assertionsから51 flowsをround-robin抽出
UAT-302,e2e-observation,2026-08-16T16:20:00+09:00,2026-08-16T16:20:00+09:00,コメント,keeps PR body preview comments interactive and stacks collapsed source menus without layout shifts,fixture PR / production build / Chromium / path・commit・comment・walkthrough固有データ,acceptance,review-flow.spec.ts:914 のユーザーフローを実行し、expect(lowerSourceThread)を観測,expect(lowerSourceThread).toBeVisible() が成立する,production buildのChromium full E2Eでassertion成立,passed,,,product code変更なし,full E2E 59/59,review-flow.spec.ts:914,matcher=toBeVisible / 697 unique assertionsから51 flowsをround-robin抽出
UAT-303,e2e-observation,2026-08-16T16:20:00+09:00,2026-08-16T16:20:00+09:00,探索・検索,"searches while typing, groups occurrences, and reveals a result without changing display mode",fixture PR / production build / Chromium / path・commit・comment・walkthrough固有データ,acceptance,"review-flow.spec.ts:1124 のユーザーフローを実行し、expect(page.getByRole(""button"", { name: ""src/fixture.ts、3件"" }))を観測","expect(page.getByRole(""button"", { name: ""src/fixture.ts、3件"" })).toBeVisible() が成立する",production buildのChromium full E2Eでassertion成立,passed,,,product code変更なし,full E2E 59/59,review-flow.spec.ts:1124,matcher=toBeVisible / 697 unique assertionsから51 flowsをround-robin抽出
UAT-304,e2e-observation,2026-08-16T16:20:00+09:00,2026-08-16T16:20:00+09:00,探索・検索,uses path-specific fixture documents and a complete search index,fixture PR / production build / Chromium / path・commit・comment・walkthrough固有データ,acceptance,uat-regressions.spec.ts:67 のユーザーフローを実行し、expect(search.ok())を観測,expect(search.ok()).toBe(true) が成立する,production buildのChromium full E2Eでassertion成立,passed,,,product code変更なし,full E2E 59/59,uat-regressions.spec.ts:67,matcher=toBe / 697 unique assertionsから51 flowsをround-robin抽出
UAT-305,e2e-observation,2026-08-16T16:20:00+09:00,2026-08-16T16:20:00+09:00,ウォークスルー,keeps agent explanation passive until a human opens an exact code reference,fixture PR / production build / Chromium / path・commit・comment・walkthrough固有データ,acceptance,"walkthrough.spec.ts:68 のユーザーフローを実行し、expect(page.getByText(""Code references"", { exact: true }))を観測","expect(page.getByText(""Code references"", { exact: true })).toHaveCount(0) が成立する",production buildのChromium full E2Eでassertion成立,passed,,,product code変更なし,full E2E 59/59,walkthrough.spec.ts:68,matcher=toHaveCount / 697 unique assertionsから51 flowsをround-robin抽出
UAT-306,e2e-observation,2026-08-16T16:20:00+09:00,2026-08-16T16:20:00+09:00,ウォークスルー,moves document tabs between at most two panes and previews repository Markdown,fixture PR / production build / Chromium / path・commit・comment・walkthrough固有データ,acceptance,walkthrough.spec.ts:624 のユーザーフローを実行し、expect(repositorySoftBreak)を観測,expect(repositorySoftBreak).toHaveCount(1) が成立する,production buildのChromium full E2Eでassertion成立,passed,,,product code変更なし,full E2E 59/59,walkthrough.spec.ts:624,matcher=toHaveCount / 697 unique assertionsから51 flowsをround-robin抽出
UAT-307,e2e-observation,2026-08-16T16:20:00+09:00,2026-08-16T16:20:00+09:00,ウォークスルー,"keeps native Markdown pointer selection stable across headings, tables, and code",fixture PR / production build / Chromium / path・commit・comment・walkthrough固有データ,acceptance,walkthrough.spec.ts:908 のユーザーフローを実行し、expect(multiLineSelection)を観測,"expect(multiLineSelection).toContain(""Authenticate the actor"") が成立する",production buildのChromium full E2Eでassertion成立,passed,,,product code変更なし,full E2E 59/59,walkthrough.spec.ts:908,matcher=toContain / 697 unique assertionsから51 flowsをround-robin抽出
UAT-308,e2e-observation,2026-08-16T16:20:00+09:00,2026-08-16T16:20:00+09:00,コメント,renders the Markdown walkthrough showcase and keeps every expression commentable,fixture PR / production build / Chromium / path・commit・comment・walkthrough固有データ,acceptance,walkthrough.spec.ts:1010 のユーザーフローを実行し、expect(details).notを観測,"expect(details).not.toHaveAttribute(""open"", """") が成立する",production buildのChromium full E2Eでassertion成立,passed,,,product code変更なし,full E2E 59/59,walkthrough.spec.ts:1010,matcher=toHaveAttribute / 697 unique assertionsから51 flowsをround-robin抽出
UAT-309,e2e-observation,2026-08-16T16:20:00+09:00,2026-08-16T16:20:00+09:00,ウォークスルー,resizes the sidebar and two reading panes with pointer drag,fixture PR / production build / Chromium / path・commit・comment・walkthrough固有データ,acceptance,walkthrough.spec.ts:1282 のユーザーフローを実行し、expect(rightBefore).notを観測,expect(rightBefore).not.toBeNull() が成立する,production buildのChromium full E2Eでassertion成立,passed,,,product code変更なし,full E2E 59/59,walkthrough.spec.ts:1282,matcher=toBeNull / 697 unique assertionsから51 flowsをround-robin抽出
UAT-310,e2e-observation,2026-08-16T16:20:00+09:00,2026-08-16T16:20:00+09:00,コメント,comments on selected walkthrough lines and marks them Outdated after replacement,fixture PR / production build / Chromium / path・commit・comment・walkthrough固有データ,acceptance,walkthrough.spec.ts:1460 のユーザーフローを実行し、expect(collapsedBoxAfterCopy?.height)を観測,expect(collapsedBoxAfterCopy?.height).toBe(collapsedBoxBeforeCopy?.height) が成立する,production buildのChromium full E2Eでassertion成立,passed,,,product code変更なし,full E2E 59/59,walkthrough.spec.ts:1460,matcher=toBe / 697 unique assertionsから51 flowsをround-robin抽出
UAT-311,e2e-observation,2026-08-16T16:20:00+09:00,2026-08-16T16:20:00+09:00,コメント,"reviews a line across commits, preserves the tabbed UI, and resolves it",fixture PR / production build / Chromium / path・commit・comment・walkthrough固有データ,acceptance,review-flow.spec.ts:44 のユーザーフローを実行し、expect(viewportLayout.topbarHeight)を観測,expect(viewportLayout.topbarHeight).toBe(68) が成立する,production buildのChromium full E2Eでassertion成立,passed,,,product code変更なし,full E2E 59/59,review-flow.spec.ts:44,matcher=toBe / 697 unique assertionsから51 flowsをround-robin抽出
UAT-312,e2e-observation,2026-08-16T16:20:00+09:00,2026-08-16T16:20:00+09:00,コメント,keeps PR body preview comments interactive and stacks collapsed source menus without layout shifts,fixture PR / production build / Chromium / path・commit・comment・walkthrough固有データ,acceptance,review-flow.spec.ts:958 のユーザーフローを実行し、expect(upperMenu)を観測,expect(upperMenu).toBeVisible() が成立する,production buildのChromium full E2Eでassertion成立,passed,,,product code変更なし,full E2E 59/59,review-flow.spec.ts:958,matcher=toBeVisible / 697 unique assertionsから51 flowsをround-robin抽出
UAT-313,e2e-observation,2026-08-16T16:20:00+09:00,2026-08-16T16:20:00+09:00,探索・検索,"searches while typing, groups occurrences, and reveals a result without changing display mode",fixture PR / production build / Chromium / path・commit・comment・walkthrough固有データ,acceptance,"review-flow.spec.ts:1126 のユーザーフローを実行し、expect(fixtureSearchGroup.locator(""strong""))を観測","expect(fixtureSearchGroup.locator(""strong"")).toHaveText(""fixture.ts"") が成立する",production buildのChromium full E2Eでassertion成立,passed,,,product code変更なし,full E2E 59/59,review-flow.spec.ts:1126,matcher=toHaveText / 697 unique assertionsから51 flowsをround-robin抽出
UAT-314,e2e-observation,2026-08-16T16:20:00+09:00,2026-08-16T16:20:00+09:00,探索・検索,uses path-specific fixture documents and a complete search index,fixture PR / production build / Chromium / path・commit・comment・walkthrough固有データ,acceptance,uat-regressions.spec.ts:72 のユーザーフローを実行し、expect(searchBody.matchCount)を観測,expect(searchBody.matchCount).toBeGreaterThan(0) が成立する,production buildのChromium full E2Eでassertion成立,passed,,,product code変更なし,full E2E 59/59,uat-regressions.spec.ts:72,matcher=toBeGreaterThan / 697 unique assertionsから51 flowsをround-robin抽出
UAT-315,e2e-observation,2026-08-16T16:20:00+09:00,2026-08-16T16:20:00+09:00,ウォークスルー,keeps agent explanation passive until a human opens an exact code reference,fixture PR / production build / Chromium / path・commit・comment・walkthrough固有データ,acceptance,"walkthrough.spec.ts:69 のユーザーフローを実行し、expect(page.getByRole(""tab""))を観測","expect(page.getByRole(""tab"")).toHaveCount(2) が成立する",production buildのChromium full E2Eでassertion成立,passed,,,product code変更なし,full E2E 59/59,walkthrough.spec.ts:69,matcher=toHaveCount / 697 unique assertionsから51 flowsをround-robin抽出
UAT-316,e2e-observation,2026-08-16T16:20:00+09:00,2026-08-16T16:20:00+09:00,ウォークスルー,moves document tabs between at most two panes and previews repository Markdown,fixture PR / production build / Chromium / path・commit・comment・walkthrough固有データ,acceptance,"walkthrough.spec.ts:625 のユーザーフローを実行し、expect(repositorySoftBreak.locator(""br""))を観測","expect(repositorySoftBreak.locator(""br"")).toHaveCount(0) が成立する",production buildのChromium full E2Eでassertion成立,passed,,,product code変更なし,full E2E 59/59,walkthrough.spec.ts:625,matcher=toHaveCount / 697 unique assertionsから51 flowsをround-robin抽出
UAT-317,e2e-observation,2026-08-16T16:20:00+09:00,2026-08-16T16:20:00+09:00,ウォークスルー,"keeps native Markdown pointer selection stable across headings, tables, and code",fixture PR / production build / Chromium / path・commit・comment・walkthrough固有データ,acceptance,walkthrough.spec.ts:909 のユーザーフローを実行し、expect(multiLineSelection)を観測,"expect(multiLineSelection).toContain(""Local development"") が成立する",production buildのChromium full E2Eでassertion成立,passed,,,product code変更なし,full E2E 59/59,walkthrough.spec.ts:909,matcher=toContain / 697 unique assertionsから51 flowsをround-robin抽出
UAT-318,e2e-observation,2026-08-16T16:20:00+09:00,2026-08-16T16:20:00+09:00,コメント,renders the Markdown walkthrough showcase and keeps every expression commentable,fixture PR / production build / Chromium / path・commit・comment・walkthrough固有データ,acceptance,walkthrough.spec.ts:1013 のユーザーフローを実行し、expect(details)を観測,"expect(details).toHaveAttribute(""open"", """") が成立する",production buildのChromium full E2Eでassertion成立,passed,,,product code変更なし,full E2E 59/59,walkthrough.spec.ts:1013,matcher=toHaveAttribute / 697 unique assertionsから51 flowsをround-robin抽出
UAT-319,e2e-observation,2026-08-16T16:20:00+09:00,2026-08-16T16:20:00+09:00,ウォークスルー,resizes the sidebar and two reading panes with pointer drag,fixture PR / production build / Chromium / path・commit・comment・walkthrough固有データ,acceptance,walkthrough.spec.ts:1283 のユーザーフローを実行し、expect(paneHandleBox).notを観測,expect(paneHandleBox).not.toBeNull() が成立する,production buildのChromium full E2Eでassertion成立,passed,,,product code変更なし,full E2E 59/59,walkthrough.spec.ts:1283,matcher=toBeNull / 697 unique assertionsから51 flowsをround-robin抽出
UAT-320,e2e-observation,2026-08-16T16:20:00+09:00,2026-08-16T16:20:00+09:00,コメント,comments on selected walkthrough lines and marks them Outdated after replacement,fixture PR / production build / Chromium / path・commit・comment・walkthrough固有データ,acceptance,"walkthrough.spec.ts:1464 のユーザーフローを実行し、expect .poll(async () => { const [threadBox, paneBox] = await Promise.all([ stableInlineComment.boundingBox(), page.locator('.document-pane[data-pane=""left""]').boundingBox(), ]); return threadBox && paneBox ? threadBox.y + threadBox.height <= paneBox.y + paneBox.height + 1 : false; })を観測","expect .poll(async () => { const [threadBox, paneBox] = await Promise.all([ stableInlineComment.boundingBox(), page.locator('.document-pane[data-pane=""left""]').boundingBox(), ]); return threadBox && paneBox ? threadBox.y + threadBox.height <= paneBox.y + paneBox.height + 1 : false; }) .toBe(true) が成立する",production buildのChromium full E2Eでassertion成立,passed,,,product code変更なし,full E2E 59/59,walkthrough.spec.ts:1464,matcher=toBe / 697 unique assertionsから51 flowsをround-robin抽出
UAT-321,e2e-observation,2026-08-16T16:20:00+09:00,2026-08-16T16:20:00+09:00,コメント,"reviews a line across commits, preserves the tabbed UI, and resolves it",fixture PR / production build / Chromium / path・commit・comment・walkthrough固有データ,acceptance,review-flow.spec.ts:45 のユーザーフローを実行し、expect(viewportLayout.workspaceTop)を観測,expect(viewportLayout.workspaceTop).toBe(68) が成立する,production buildのChromium full E2Eでassertion成立,passed,,,product code変更なし,full E2E 59/59,review-flow.spec.ts:45,matcher=toBe / 697 unique assertionsから51 flowsをround-robin抽出
UAT-322,e2e-observation,2026-08-16T16:20:00+09:00,2026-08-16T16:20:00+09:00,コメント,keeps PR body preview comments interactive and stacks collapsed source menus without layout shifts,fixture PR / production build / Chromium / path・commit・comment・walkthrough固有データ,acceptance,"review-flow.spec.ts:959 のユーザーフローを実行し、expect(upperMenu.getByRole(""menuitem"", { name: ""参照をコピー"" }))を観測","expect(upperMenu.getByRole(""menuitem"", { name: ""参照をコピー"" })).toBeFocused() が成立する",production buildのChromium full E2Eでassertion成立,passed,,,product code変更なし,full E2E 59/59,review-flow.spec.ts:959,matcher=toBeFocused / 697 unique assertionsから51 flowsをround-robin抽出
UAT-323,e2e-observation,2026-08-16T16:20:00+09:00,2026-08-16T16:20:00+09:00,探索・検索,"searches while typing, groups occurrences, and reveals a result without changing display mode",fixture PR / production build / Chromium / path・commit・comment・walkthrough固有データ,acceptance,"review-flow.spec.ts:1127 のユーザーフローを実行し、expect(fixtureSearchGroup.locator("".search-result-directory""))を観測","expect(fixtureSearchGroup.locator("".search-result-directory"")).toHaveText(""src"") が成立する",production buildのChromium full E2Eでassertion成立,passed,,,product code変更なし,full E2E 59/59,review-flow.spec.ts:1127,matcher=toHaveText / 697 unique assertionsから51 flowsをround-robin抽出
UAT-324,e2e-observation,2026-08-16T16:20:00+09:00,2026-08-16T16:20:00+09:00,探索・検索,uses path-specific fixture documents and a complete search index,fixture PR / production build / Chromium / path・commit・comment・walkthrough固有データ,acceptance,"uat-regressions.spec.ts:73 のユーザーフローを実行し、expect(searchBody.results.some((result) => result.path !== ""Pull Request.md""))を観測","expect(searchBody.results.some((result) => result.path !== ""Pull Request.md"")).toBe(true) が成立する",production buildのChromium full E2Eでassertion成立,passed,,,product code変更なし,full E2E 59/59,uat-regressions.spec.ts:73,matcher=toBe / 697 unique assertionsから51 flowsをround-robin抽出
UAT-325,e2e-observation,2026-08-16T16:20:00+09:00,2026-08-16T16:20:00+09:00,ウォークスルー,keeps agent explanation passive until a human opens an exact code reference,fixture PR / production build / Chromium / path・commit・comment・walkthrough固有データ,acceptance,"walkthrough.spec.ts:70 のユーザーフローを実行し、expect(page.locator("".walkthrough-diagram svg""))を観測","expect(page.locator("".walkthrough-diagram svg"")).toBeVisible() が成立する",production buildのChromium full E2Eでassertion成立,passed,,,product code変更なし,full E2E 59/59,walkthrough.spec.ts:70,matcher=toBeVisible / 697 unique assertionsから51 flowsをround-robin抽出
UAT-326,e2e-observation,2026-08-16T16:20:00+09:00,2026-08-16T16:20:00+09:00,ウォークスルー,moves document tabs between at most two panes and previews repository Markdown,fixture PR / production build / Chromium / path・commit・comment・walkthrough固有データ,acceptance,walkthrough.spec.ts:629 のユーザーフローを実行し、expect(previewSourceLine)を観測,expect(previewSourceLine).toHaveCount(1) が成立する,production buildのChromium full E2Eでassertion成立,passed,,,product code変更なし,full E2E 59/59,walkthrough.spec.ts:629,matcher=toHaveCount / 697 unique assertionsから51 flowsをround-robin抽出
UAT-327,e2e-observation,2026-08-16T16:20:00+09:00,2026-08-16T16:20:00+09:00,ウォークスルー,"keeps native Markdown pointer selection stable across headings, tables, and code",fixture PR / production build / Chromium / path・commit・comment・walkthrough固有データ,acceptance,walkthrough.spec.ts:910 のユーザーフローを実行し、expect(multiLineSelection).notを観測,"expect(multiLineSelection).not.toContain(""npm install"") が成立する",production buildのChromium full E2Eでassertion成立,passed,,,product code変更なし,full E2E 59/59,walkthrough.spec.ts:910,matcher=toContain / 697 unique assertionsから51 flowsをround-robin抽出
UAT-328,e2e-observation,2026-08-16T16:20:00+09:00,2026-08-16T16:20:00+09:00,コメント,renders the Markdown walkthrough showcase and keeps every expression commentable,fixture PR / production build / Chromium / path・commit・comment・walkthrough固有データ,acceptance,walkthrough.spec.ts:1018 のユーザーフローを実行し、expect(details.getByText(/折りたたみの中にある文章も/))を観測,expect(details.getByText(/折りたたみの中にある文章も/)).toBeVisible() が成立する,production buildのChromium full E2Eでassertion成立,passed,,,product code変更なし,full E2E 59/59,walkthrough.spec.ts:1018,matcher=toBeVisible / 697 unique assertionsから51 flowsをround-robin抽出
UAT-329,e2e-observation,2026-08-16T16:20:00+09:00,2026-08-16T16:20:00+09:00,ウォークスルー,resizes the sidebar and two reading panes with pointer drag,fixture PR / production build / Chromium / path・commit・comment・walkthrough固有データ,acceptance,walkthrough.spec.ts:1290 のユーザーフローを実行し、expect(leftAfter!.width)を観測,expect(leftAfter!.width).toBeGreaterThan(leftBefore!.width + 60) が成立する,production buildのChromium full E2Eでassertion成立,passed,,,product code変更なし,full E2E 59/59,walkthrough.spec.ts:1290,matcher=toBeGreaterThan / 697 unique assertionsから51 flowsをround-robin抽出
UAT-330,e2e-observation,2026-08-16T16:20:00+09:00,2026-08-16T16:20:00+09:00,コメント,comments on selected walkthrough lines and marks them Outdated after replacement,fixture PR / production build / Chromium / path・commit・comment・walkthrough固有データ,acceptance,"walkthrough.spec.ts:1478 のユーザーフローを実行し、expect( stableInlineComment.getByText(""下端から追加した返信です。"", { exact: true }), )を観測","expect( stableInlineComment.getByText(""下端から追加した返信です。"", { exact: true }), ).toBeVisible() が成立する",production buildのChromium full E2Eでassertion成立,passed,,,product code変更なし,full E2E 59/59,walkthrough.spec.ts:1478,matcher=toBeVisible / 697 unique assertionsから51 flowsをround-robin抽出
UAT-331,e2e-observation,2026-08-16T16:20:00+09:00,2026-08-16T16:20:00+09:00,コメント,"reviews a line across commits, preserves the tabbed UI, and resolves it",fixture PR / production build / Chromium / path・commit・comment・walkthrough固有データ,acceptance,review-flow.spec.ts:51 のユーザーフローを実行し、expect(browserCloseGuard)を観測,"expect(browserCloseGuard).toEqual({ dispatchAllowed: false, defaultPrevented: true }) が成立する",production buildのChromium full E2Eでassertion成立,passed,,,product code変更なし,full E2E 59/59,review-flow.spec.ts:51,matcher=toEqual / 697 unique assertionsから51 flowsをround-robin抽出
UAT-332,e2e-observation,2026-08-16T16:20:00+09:00,2026-08-16T16:20:00+09:00,コメント,keeps PR body preview comments interactive and stacks collapsed source menus without layout shifts,fixture PR / production build / Chromium / path・commit・comment・walkthrough固有データ,acceptance,"review-flow.spec.ts:961 のユーザーフローを実行し、expect(upperMenu.getByRole(""menuitem"", { name: ""編集"" }))を観測","expect(upperMenu.getByRole(""menuitem"", { name: ""編集"" })).toBeFocused() が成立する",production buildのChromium full E2Eでassertion成立,passed,,,product code変更なし,full E2E 59/59,review-flow.spec.ts:961,matcher=toBeFocused / 697 unique assertionsから51 flowsをround-robin抽出
UAT-333,e2e-observation,2026-08-16T16:20:00+09:00,2026-08-16T16:20:00+09:00,探索・検索,"searches while typing, groups occurrences, and reveals a result without changing display mode",fixture PR / production build / Chromium / path・commit・comment・walkthrough固有データ,acceptance,"review-flow.spec.ts:1128 のユーザーフローを実行し、expect(fixtureSearchGroup.locator('[data-file-icon=""lang-typescript-duo""]'))を観測","expect(fixtureSearchGroup.locator('[data-file-icon=""lang-typescript-duo""]')).toBeVisible() が成立する",production buildのChromium full E2Eでassertion成立,passed,,,product code変更なし,full E2E 59/59,review-flow.spec.ts:1128,matcher=toBeVisible / 697 unique assertionsから51 flowsをround-robin抽出
UAT-334,e2e-observation,2026-08-16T16:20:00+09:00,2026-08-16T16:20:00+09:00,探索・検索,uses path-specific fixture documents and a complete search index,fixture PR / production build / Chromium / path・commit・comment・walkthrough固有データ,acceptance,uat-regressions.spec.ts:78 のユーザーフローを実行し、expect(historicalSearch.ok())を観測,expect(historicalSearch.ok()).toBe(true) が成立する,production buildのChromium full E2Eでassertion成立,passed,,,product code変更なし,full E2E 59/59,uat-regressions.spec.ts:78,matcher=toBe / 697 unique assertionsから51 flowsをround-robin抽出
UAT-335,e2e-observation,2026-08-16T16:20:00+09:00,2026-08-16T16:20:00+09:00,ウォークスルー,keeps agent explanation passive until a human opens an exact code reference,fixture PR / production build / Chromium / path・commit・comment・walkthrough固有データ,acceptance,"walkthrough.spec.ts:71 のユーザーフローを実行し、expect(page.locator("".walkthrough-diagram-node--linked""))を観測","expect(page.locator("".walkthrough-diagram-node--linked"")).toHaveCount(9) が成立する",production buildのChromium full E2Eでassertion成立,passed,,,product code変更なし,full E2E 59/59,walkthrough.spec.ts:71,matcher=toHaveCount / 697 unique assertionsから51 flowsをround-robin抽出
UAT-336,e2e-observation,2026-08-16T16:20:00+09:00,2026-08-16T16:20:00+09:00,ウォークスルー,moves document tabs between at most two panes and previews repository Markdown,fixture PR / production build / Chromium / path・commit・comment・walkthrough固有データ,acceptance,"walkthrough.spec.ts:631 のユーザーフローを実行し、expect(page.getByRole(""button"", { name: ""L6へコメント"", exact: true }))を観測","expect(page.getByRole(""button"", { name: ""L6へコメント"", exact: true })).toBeVisible() が成立する",production buildのChromium full E2Eでassertion成立,passed,,,product code変更なし,full E2E 59/59,walkthrough.spec.ts:631,matcher=toBeVisible / 697 unique assertionsから51 flowsをround-robin抽出
UAT-337,e2e-observation,2026-08-16T16:20:00+09:00,2026-08-16T16:20:00+09:00,ウォークスルー,"keeps native Markdown pointer selection stable across headings, tables, and code",fixture PR / production build / Chromium / path・commit・comment・walkthrough固有データ,acceptance,"walkthrough.spec.ts:911 のユーザーフローを実行し、expect(page.getByRole(""button"", { name: ""L15–21へコメント"", exact: true }))を観測","expect(page.getByRole(""button"", { name: ""L15–21へコメント"", exact: true })).toBeVisible() が成立する",production buildのChromium full E2Eでassertion成立,passed,,,product code変更なし,full E2E 59/59,walkthrough.spec.ts:911,matcher=toBeVisible / 697 unique assertionsから51 flowsをround-robin抽出
UAT-338,e2e-observation,2026-08-16T16:20:00+09:00,2026-08-16T16:20:00+09:00,コメント,renders the Markdown walkthrough showcase and keeps every expression commentable,fixture PR / production build / Chromium / path・commit・comment・walkthrough固有データ,acceptance,"walkthrough.spec.ts:1024 のユーザーフローを実行し、expect(page.getByRole(""button"", { name: ""L11へコメント"", exact: true }))を観測","expect(page.getByRole(""button"", { name: ""L11へコメント"", exact: true })).toBeVisible() が成立する",production buildのChromium full E2Eでassertion成立,passed,,,product code変更なし,full E2E 59/59,walkthrough.spec.ts:1024,matcher=toBeVisible / 697 unique assertionsから51 flowsをround-robin抽出
UAT-339,e2e-observation,2026-08-16T16:20:00+09:00,2026-08-16T16:20:00+09:00,ウォークスルー,resizes the sidebar and two reading panes with pointer drag,fixture PR / production build / Chromium / path・commit・comment・walkthrough固有データ,acceptance,walkthrough.spec.ts:1291 のユーザーフローを実行し、expect(rightAfter!.width)を観測,expect(rightAfter!.width).toBeLessThan(rightBefore!.width - 60) が成立する,production buildのChromium full E2Eでassertion成立,passed,,,product code変更なし,full E2E 59/59,walkthrough.spec.ts:1291,matcher=toBeLessThan / 697 unique assertionsから51 flowsをround-robin抽出
UAT-340,e2e-observation,2026-08-16T16:20:00+09:00,2026-08-16T16:20:00+09:00,コメント,comments on selected walkthrough lines and marks them Outdated after replacement,fixture PR / production build / Chromium / path・commit・comment・walkthrough固有データ,acceptance,walkthrough.spec.ts:1495 のユーザーフローを実行し、expect(diagramComposer)を観測,expect(diagramComposer).toBeVisible() が成立する,production buildのChromium full E2Eでassertion成立,passed,,,product code変更なし,full E2E 59/59,walkthrough.spec.ts:1495,matcher=toBeVisible / 697 unique assertionsから51 flowsをround-robin抽出
UAT-341,e2e-observation,2026-08-16T16:20:00+09:00,2026-08-16T16:20:00+09:00,コメント,"reviews a line across commits, preserves the tabbed UI, and resolves it",fixture PR / production build / Chromium / path・commit・comment・walkthrough固有データ,acceptance,"review-flow.spec.ts:52 のユーザーフローを実行し、expect(page.getByText(""Pull Request.md"", { exact: true }).first())を観測","expect(page.getByText(""Pull Request.md"", { exact: true }).first()).toBeVisible() が成立する",production buildのChromium full E2Eでassertion成立,passed,,,product code変更なし,full E2E 59/59,review-flow.spec.ts:52,matcher=toBeVisible / 697 unique assertionsから51 flowsをround-robin抽出
UAT-342,e2e-observation,2026-08-16T16:20:00+09:00,2026-08-16T16:20:00+09:00,コメント,keeps PR body preview comments interactive and stacks collapsed source menus without layout shifts,fixture PR / production build / Chromium / path・commit・comment・walkthrough固有データ,acceptance,review-flow.spec.ts:967 のユーザーフローを実行し、expect(lowerTopWithMenu)を観測,"expect(lowerTopWithMenu).toBeCloseTo(lowerTopBeforeMenu, 3) が成立する",production buildのChromium full E2Eでassertion成立,passed,,,product code変更なし,full E2E 59/59,review-flow.spec.ts:967,matcher=toBeCloseTo / 697 unique assertionsから51 flowsをround-robin抽出
UAT-343,e2e-observation,2026-08-16T16:20:00+09:00,2026-08-16T16:20:00+09:00,探索・検索,"searches while typing, groups occurrences, and reveals a result without changing display mode",fixture PR / production build / Chromium / path・commit・comment・walkthrough固有データ,acceptance,"review-flow.spec.ts:1129 のユーザーフローを実行し、expect( page .getByRole(""button"", { name: ""src/fixture.ts、3件"" }) .locator('[data-change-kind=""modified""]'), )を観測","expect( page .getByRole(""button"", { name: ""src/fixture.ts、3件"" }) .locator('[data-change-kind=""modified""]'), ).toBeVisible() が成立する",production buildのChromium full E2Eでassertion成立,passed,,,product code変更なし,full E2E 59/59,review-flow.spec.ts:1129,matcher=toBeVisible / 697 unique assertionsから51 flowsをround-robin抽出
UAT-344,e2e-observation,2026-08-16T16:20:00+09:00,2026-08-16T16:20:00+09:00,探索・検索,uses path-specific fixture documents and a complete search index,fixture PR / production build / Chromium / path・commit・comment・walkthrough固有データ,acceptance,"uat-regressions.spec.ts:82 のユーザーフローを実行し、expect(historicalSearchBody.results.some((result) => result.path === ""src/removed.ts""))を観測","expect(historicalSearchBody.results.some((result) => result.path === ""src/removed.ts"")).toBe( true, ) が成立する",production buildのChromium full E2Eでassertion成立,passed,,,product code変更なし,full E2E 59/59,uat-regressions.spec.ts:82,matcher=toBe / 697 unique assertionsから51 flowsをround-robin抽出
UAT-345,e2e-observation,2026-08-16T16:20:00+09:00,2026-08-16T16:20:00+09:00,ウォークスルー,keeps agent explanation passive until a human opens an exact code reference,fixture PR / production build / Chromium / path・commit・comment・walkthrough固有データ,acceptance,"walkthrough.spec.ts:72 のユーザーフローを実行し、expect(page.locator("".walkthrough-diagram-node--linked"").first())を観測","expect(page.locator("".walkthrough-diagram-node--linked"").first()).toHaveCSS( ""cursor"", ""pointer"", ) が成立する",production buildのChromium full E2Eでassertion成立,passed,,,product code変更なし,full E2E 59/59,walkthrough.spec.ts:72,matcher=toHaveCSS / 697 unique assertionsから51 flowsをround-robin抽出
UAT-346,e2e-observation,2026-08-16T16:20:00+09:00,2026-08-16T16:20:00+09:00,ウォークスルー,moves document tabs between at most two panes and previews repository Markdown,fixture PR / production build / Chromium / path・commit・comment・walkthrough固有データ,acceptance,"walkthrough.spec.ts:633 のユーザーフローを実行し、expect(page.getByRole(""button"", { name: ""L6へコメント"", exact: true }))を観測","expect(page.getByRole(""button"", { name: ""L6へコメント"", exact: true })).toHaveCount(0) が成立する",production buildのChromium full E2Eでassertion成立,passed,,,product code変更なし,full E2E 59/59,walkthrough.spec.ts:633,matcher=toHaveCount / 697 unique assertionsから51 flowsをround-robin抽出
UAT-347,e2e-observation,2026-08-16T16:20:00+09:00,2026-08-16T16:20:00+09:00,コメント,renders the Markdown walkthrough showcase and keeps every expression commentable,fixture PR / production build / Chromium / path・commit・comment・walkthrough固有データ,acceptance,walkthrough.spec.ts:1041 のユーザーフローを実行し、expect(detailsSourceLine)を観測,expect(detailsSourceLine).toBeVisible() が成立する,production buildのChromium full E2Eでassertion成立,passed,,,product code変更なし,full E2E 59/59,walkthrough.spec.ts:1041,matcher=toBeVisible / 697 unique assertionsから51 flowsをround-robin抽出
UAT-348,e2e-observation,2026-08-16T16:20:00+09:00,2026-08-16T16:20:00+09:00,コメント,comments on selected walkthrough lines and marks them Outdated after replacement,fixture PR / production build / Chromium / path・commit・comment・walkthrough固有データ,acceptance,"walkthrough.spec.ts:1496 のユーザーフローを実行し、expect(diagramComposer.getByRole(""textbox""))を観測","expect(diagramComposer.getByRole(""textbox"")).toHaveAccessibleName(/L\d+–\d+へコメント/) が成立する",production buildのChromium full E2Eでassertion成立,passed,,,product code変更なし,full E2E 59/59,walkthrough.spec.ts:1496,matcher=toHaveAccessibleName / 697 unique assertionsから51 flowsをround-robin抽出
UAT-349,e2e-observation,2026-08-16T16:20:00+09:00,2026-08-16T16:20:00+09:00,コメント,"reviews a line across commits, preserves the tabbed UI, and resolves it",fixture PR / production build / Chromium / path・commit・comment・walkthrough固有データ,acceptance,review-flow.spec.ts:60 のユーザーフローを実行し、expect(stackedButton)を観測,expect(stackedButton).toBeVisible() が成立する,production buildのChromium full E2Eでassertion成立,passed,,,product code変更なし,full E2E 59/59,review-flow.spec.ts:60,matcher=toBeVisible / 697 unique assertionsから51 flowsをround-robin抽出
UAT-350,e2e-observation,2026-08-16T16:20:00+09:00,2026-08-16T16:20:00+09:00,コメント,keeps PR body preview comments interactive and stacks collapsed source menus without layout shifts,fixture PR / production build / Chromium / path・commit・comment・walkthrough固有データ,acceptance,"review-flow.spec.ts:968 のユーザーフローを実行し、expect(menuLayering(upper.comment.id, lower.comment.id)).resolvesを観測","expect(menuLayering(upper.comment.id, lower.comment.id)).resolves.toEqual({ overlaps: true, menuIsOnTop: true, }) が成立する",production buildのChromium full E2Eでassertion成立,passed,,,product code変更なし,full E2E 59/59,review-flow.spec.ts:968,matcher=toEqual / 697 unique assertionsから51 flowsをround-robin抽出
UAT-351,e2e-observation,2026-08-16T16:20:00+09:00,2026-08-16T16:20:00+09:00,探索・検索,"searches while typing, groups occurrences, and reveals a result without changing display mode",fixture PR / production build / Chromium / path・commit・comment・walkthrough固有データ,acceptance,"review-flow.spec.ts:1134 のユーザーフローを実行し、expect(page.locator("".search-result-line mark""))を観測","expect(page.locator("".search-result-line mark"")).toHaveCount(5) が成立する",production buildのChromium full E2Eでassertion成立,passed,,,product code変更なし,full E2E 59/59,review-flow.spec.ts:1134,matcher=toHaveCount / 697 unique assertionsから51 flowsをround-robin抽出
UAT-352,e2e-observation,2026-08-16T16:20:00+09:00,2026-08-16T16:20:00+09:00,探索・検索,uses path-specific fixture documents and a complete search index,fixture PR / production build / Chromium / path・commit・comment・walkthrough固有データ,acceptance,uat-regressions.spec.ts:89 のユーザーフローを実行し、expect(notYetAdded.ok())を観測,expect(notYetAdded.ok()).toBe(true) が成立する,production buildのChromium full E2Eでassertion成立,passed,,,product code変更なし,full E2E 59/59,uat-regressions.spec.ts:89,matcher=toBe / 697 unique assertionsから51 flowsをround-robin抽出
UAT-353,e2e-observation,2026-08-16T16:20:00+09:00,2026-08-16T16:20:00+09:00,ウォークスルー,keeps agent explanation passive until a human opens an exact code reference,fixture PR / production build / Chromium / path・commit・comment・walkthrough固有データ,acceptance,walkthrough.spec.ts:78 のユーザーフローを実行し、expect(initialCommitSelection).notを観測,expect(initialCommitSelection).not.toBeNull() が成立する,production buildのChromium full E2Eでassertion成立,passed,,,product code変更なし,full E2E 59/59,walkthrough.spec.ts:78,matcher=toBeNull / 697 unique assertionsから51 flowsをround-robin抽出
UAT-354,e2e-observation,2026-08-16T16:20:00+09:00,2026-08-16T16:20:00+09:00,ウォークスルー,moves document tabs between at most two panes and previews repository Markdown,fixture PR / production build / Chromium / path・commit・comment・walkthrough固有データ,acceptance,walkthrough.spec.ts:642 のユーザーフローを実行し、expect(previewComposerBox).notを観測,expect(previewComposerBox).not.toBeNull() が成立する,production buildのChromium full E2Eでassertion成立,passed,,,product code変更なし,full E2E 59/59,walkthrough.spec.ts:642,matcher=toBeNull / 697 unique assertionsから51 flowsをround-robin抽出
UAT-355,e2e-observation,2026-08-16T16:20:00+09:00,2026-08-16T16:20:00+09:00,コメント,renders the Markdown walkthrough showcase and keeps every expression commentable,fixture PR / production build / Chromium / path・commit・comment・walkthrough固有データ,acceptance,"walkthrough.spec.ts:1043 のユーザーフローを実行し、expect(page.locator("".walkthrough-diagram svg""))を観測","expect(page.locator("".walkthrough-diagram svg"")).toBeVisible() が成立する",production buildのChromium full E2Eでassertion成立,passed,,,product code変更なし,full E2E 59/59,walkthrough.spec.ts:1043,matcher=toBeVisible / 697 unique assertionsから51 flowsをround-robin抽出
UAT-356,e2e-observation,2026-08-16T16:20:00+09:00,2026-08-16T16:20:00+09:00,コメント,comments on selected walkthrough lines and marks them Outdated after replacement,fixture PR / production build / Chromium / path・commit・comment・walkthrough固有データ,acceptance,"walkthrough.spec.ts:1500 のユーザーフローを実行し、expect(page.locator("".walkthrough-diagram-shell.has-comment""))を観測","expect(page.locator("".walkthrough-diagram-shell.has-comment"")).toHaveCount(0) が成立する",production buildのChromium full E2Eでassertion成立,passed,,,product code変更なし,full E2E 59/59,walkthrough.spec.ts:1500,matcher=toHaveCount / 697 unique assertionsから51 flowsをround-robin抽出
UAT-357,e2e-observation,2026-08-16T16:20:00+09:00,2026-08-16T16:20:00+09:00,コメント,"reviews a line across commits, preserves the tabbed UI, and resolves it",fixture PR / production build / Chromium / path・commit・comment・walkthrough固有データ,acceptance,review-flow.spec.ts:61 のユーザーフローを実行し、expect(stackedButton)を観測,expect(stackedButton).toBeDisabled() が成立する,production buildのChromium full E2Eでassertion成立,passed,,,product code変更なし,full E2E 59/59,review-flow.spec.ts:61,matcher=toBeDisabled / 697 unique assertionsから51 flowsをround-robin抽出
UAT-358,e2e-observation,2026-08-16T16:20:00+09:00,2026-08-16T16:20:00+09:00,コメント,keeps PR body preview comments interactive and stacks collapsed source menus without layout shifts,fixture PR / production build / Chromium / path・commit・comment・walkthrough固有データ,acceptance,review-flow.spec.ts:974 のユーザーフローを実行し、expect(upperMenu)を観測,expect(upperMenu).toBeHidden() が成立する,production buildのChromium full E2Eでassertion成立,passed,,,product code変更なし,full E2E 59/59,review-flow.spec.ts:974,matcher=toBeHidden / 697 unique assertionsから51 flowsをround-robin抽出
UAT-359,e2e-observation,2026-08-16T16:20:00+09:00,2026-08-16T16:20:00+09:00,探索・検索,"searches while typing, groups occurrences, and reveals a result without changing display mode",fixture PR / production build / Chromium / path・commit・comment・walkthrough固有データ,acceptance,"review-flow.spec.ts:1137 のユーザーフローを実行し、expect(page.getByText(""1件・1ファイル"", { exact: true }))を観測","expect(page.getByText(""1件・1ファイル"", { exact: true })).toBeVisible() が成立する",production buildのChromium full E2Eでassertion成立,passed,,,product code変更なし,full E2E 59/59,review-flow.spec.ts:1137,matcher=toBeVisible / 697 unique assertionsから51 flowsをround-robin抽出
UAT-360,e2e-observation,2026-08-16T16:20:00+09:00,2026-08-16T16:20:00+09:00,探索・検索,uses path-specific fixture documents and a complete search index,fixture PR / production build / Chromium / path・commit・comment・walkthrough固有データ,acceptance,"uat-regressions.spec.ts:90 のユーザーフローを実行し、expect( ((await notYetAdded.json()) as { document: { availability: string } }).document.availability, )を観測","expect( ((await notYetAdded.json()) as { document: { availability: string } }).document.availability, ).toBe(""missing"") が成立する",production buildのChromium full E2Eでassertion成立,passed,,,product code変更なし,full E2E 59/59,uat-regressions.spec.ts:90,matcher=toBe / 697 unique assertionsから51 flowsをround-robin抽出
UAT-361,e2e-observation,2026-08-16T16:20:00+09:00,2026-08-16T16:20:00+09:00,ウォークスルー,keeps agent explanation passive until a human opens an exact code reference,fixture PR / production build / Chromium / path・commit・comment・walkthrough固有データ,acceptance,"walkthrough.spec.ts:79 のユーザーフローを実行し、expect( page.locator("".walkthrough-diagram-node--linked"").first().locator(""rect"").first(), )を観測","expect( page.locator("".walkthrough-diagram-node--linked"").first().locator(""rect"").first(), ).toHaveCSS(""stroke-width"", ""1.6px"") が成立する",production buildのChromium full E2Eでassertion成立,passed,,,product code変更なし,full E2E 59/59,walkthrough.spec.ts:79,matcher=toHaveCSS / 697 unique assertionsから51 flowsをround-robin抽出
UAT-362,e2e-observation,2026-08-16T16:20:00+09:00,2026-08-16T16:20:00+09:00,ウォークスルー,moves document tabs between at most two panes and previews repository Markdown,fixture PR / production build / Chromium / path・commit・comment・walkthrough固有データ,acceptance,walkthrough.spec.ts:643 のユーザーフローを実行し、expect(previewSurfaceBox).notを観測,expect(previewSurfaceBox).not.toBeNull() が成立する,production buildのChromium full E2Eでassertion成立,passed,,,product code変更なし,full E2E 59/59,walkthrough.spec.ts:643,matcher=toBeNull / 697 unique assertionsから51 flowsをround-robin抽出
UAT-363,e2e-observation,2026-08-16T16:20:00+09:00,2026-08-16T16:20:00+09:00,コメント,renders the Markdown walkthrough showcase and keeps every expression commentable,fixture PR / production build / Chromium / path・commit・comment・walkthrough固有データ,acceptance,"walkthrough.spec.ts:1044 のユーザーフローを実行し、expect(page.locator("".walkthrough-diagram-node--linked""))を観測","expect(page.locator("".walkthrough-diagram-node--linked"")).toHaveCount(6) が成立する",production buildのChromium full E2Eでassertion成立,passed,,,product code変更なし,full E2E 59/59,walkthrough.spec.ts:1044,matcher=toHaveCount / 697 unique assertionsから51 flowsをround-robin抽出
UAT-364,e2e-observation,2026-08-16T16:20:00+09:00,2026-08-16T16:20:00+09:00,コメント,comments on selected walkthrough lines and marks them Outdated after replacement,fixture PR / production build / Chromium / path・commit・comment・walkthrough固有データ,acceptance,"walkthrough.spec.ts:1505 のユーザーフローを実行し、expect(page.locator("".walkthrough-diagram-shell.has-comment""))を観測","expect(page.locator("".walkthrough-diagram-shell.has-comment"")).toBeVisible() が成立する",production buildのChromium full E2Eでassertion成立,passed,,,product code変更なし,full E2E 59/59,walkthrough.spec.ts:1505,matcher=toBeVisible / 697 unique assertionsから51 flowsをround-robin抽出
UAT-365,e2e-observation,2026-08-16T16:20:00+09:00,2026-08-16T16:20:00+09:00,コメント,"reviews a line across commits, preserves the tabbed UI, and resolves it",fixture PR / production build / Chromium / path・commit・comment・walkthrough固有データ,acceptance,review-flow.spec.ts:62 のユーザーフローを実行し、expect(splitButton)を観測,expect(splitButton).toBeDisabled() が成立する,production buildのChromium full E2Eでassertion成立,passed,,,product code変更なし,full E2E 59/59,review-flow.spec.ts:62,matcher=toBeDisabled / 697 unique assertionsから51 flowsをround-robin抽出
UAT-366,e2e-observation,2026-08-16T16:20:00+09:00,2026-08-16T16:20:00+09:00,コメント,keeps PR body preview comments interactive and stacks collapsed source menus without layout shifts,fixture PR / production build / Chromium / path・commit・comment・walkthrough固有データ,acceptance,review-flow.spec.ts:975 のユーザーフローを実行し、expect(upperMenuButton)を観測,expect(upperMenuButton).toBeFocused() が成立する,production buildのChromium full E2Eでassertion成立,passed,,,product code変更なし,full E2E 59/59,review-flow.spec.ts:975,matcher=toBeFocused / 697 unique assertionsから51 flowsをround-robin抽出
UAT-367,e2e-observation,2026-08-16T16:20:00+09:00,2026-08-16T16:20:00+09:00,探索・検索,"searches while typing, groups occurrences, and reveals a result without changing display mode",fixture PR / production build / Chromium / path・commit・comment・walkthrough固有データ,acceptance,"review-flow.spec.ts:1138 のユーザーフローを実行し、expect( page.getByRole(""button"", { name: ""src/new.ts、1件"" }).locator('[data-change-kind=""added""]'), )を観測","expect( page.getByRole(""button"", { name: ""src/new.ts、1件"" }).locator('[data-change-kind=""added""]'), ).toBeVisible() が成立する",production buildのChromium full E2Eでassertion成立,passed,,,product code変更なし,full E2E 59/59,review-flow.spec.ts:1138,matcher=toBeVisible / 697 unique assertionsから51 flowsをround-robin抽出
UAT-368,e2e-observation,2026-08-16T16:20:00+09:00,2026-08-16T16:20:00+09:00,ウォークスルー,keeps agent explanation passive until a human opens an exact code reference,fixture PR / production build / Chromium / path・commit・comment・walkthrough固有データ,acceptance,walkthrough.spec.ts:95 のユーザーフローを実行し、expect(handlerTab)を観測,"expect(handlerTab).toHaveAttribute(""aria-selected"", ""true"") が成立する",production buildのChromium full E2Eでassertion成立,passed,,,product code変更なし,full E2E 59/59,walkthrough.spec.ts:95,matcher=toHaveAttribute / 697 unique assertionsから51 flowsをround-robin抽出
UAT-369,e2e-observation,2026-08-16T16:20:00+09:00,2026-08-16T16:20:00+09:00,ウォークスルー,moves document tabs between at most two panes and previews repository Markdown,fixture PR / production build / Chromium / path・commit・comment・walkthrough固有データ,acceptance,walkthrough.spec.ts:645 のユーザーフローを実行し、expect(previewSourceLineBox).notを観測,expect(previewSourceLineBox).not.toBeNull() が成立する,production buildのChromium full E2Eでassertion成立,passed,,,product code変更なし,full E2E 59/59,walkthrough.spec.ts:645,matcher=toBeNull / 697 unique assertionsから51 flowsをround-robin抽出
UAT-370,e2e-observation,2026-08-16T16:20:00+09:00,2026-08-16T16:20:00+09:00,コメント,renders the Markdown walkthrough showcase and keeps every expression commentable,fixture PR / production build / Chromium / path・commit・comment・walkthrough固有データ,acceptance,walkthrough.spec.ts:1049 のユーザーフローを実行し、expect(diagramDraft)を観測,expect(diagramDraft).toBeVisible() が成立する,production buildのChromium full E2Eでassertion成立,passed,,,product code変更なし,full E2E 59/59,walkthrough.spec.ts:1049,matcher=toBeVisible / 697 unique assertionsから51 flowsをround-robin抽出
UAT-371,e2e-observation,2026-08-16T16:20:00+09:00,2026-08-16T16:20:00+09:00,コメント,comments on selected walkthrough lines and marks them Outdated after replacement,fixture PR / production build / Chromium / path・commit・comment・walkthrough固有データ,acceptance,"walkthrough.spec.ts:1518 のユーザーフローを実行し、expect .poll(async () => { const [diagramBox, paneBox] = await Promise.all([ page.locator("".walkthrough-diagram-shell"").first().boundingBox(), walkthroughPane.boundingBox(), ]); if (!diagramBox || !paneBox) return false; return ( diagramBox.y < paneBox.y + paneBox.height && diagramBox.y + diagramBox.height > paneBox.y ); })を観測","expect .poll(async () => { const [diagramBox, paneBox] = await Promise.all([ page.locator("".walkthrough-diagram-shell"").first().boundingBox(), walkthroughPane.boundingBox(), ]); if (!diagramBox || !paneBox) return false; return ( diagramBox.y < paneBox.y + paneBox.height && diagramBox.y + diagramBox.height > paneBox.y ); }) .toBe(true) が成立する",production buildのChromium full E2Eでassertion成立,passed,,,product code変更なし,full E2E 59/59,walkthrough.spec.ts:1518,matcher=toBe / 697 unique assertionsから51 flowsをround-robin抽出
UAT-372,e2e-observation,2026-08-16T16:20:00+09:00,2026-08-16T16:20:00+09:00,コメント,"reviews a line across commits, preserves the tabbed UI, and resolves it",fixture PR / production build / Chromium / path・commit・comment・walkthrough固有データ,acceptance,review-flow.spec.ts:75 のユーザーフローを実行し、expect(startBox).notを観測,expect(startBox).not.toBeNull() が成立する,production buildのChromium full E2Eでassertion成立,passed,,,product code変更なし,full E2E 59/59,review-flow.spec.ts:75,matcher=toBeNull / 697 unique assertionsから51 flowsをround-robin抽出
UAT-373,e2e-observation,2026-08-16T16:20:00+09:00,2026-08-16T16:20:00+09:00,コメント,keeps PR body preview comments interactive and stacks collapsed source menus without layout shifts,fixture PR / production build / Chromium / path・commit・comment・walkthrough固有データ,acceptance,review-flow.spec.ts:980 のユーザーフローを実行し、expect(lowerMenu)を観測,expect(lowerMenu).toBeVisible() が成立する,production buildのChromium full E2Eでassertion成立,passed,,,product code変更なし,full E2E 59/59,review-flow.spec.ts:980,matcher=toBeVisible / 697 unique assertionsから51 flowsをround-robin抽出
UAT-374,e2e-observation,2026-08-16T16:20:00+09:00,2026-08-16T16:20:00+09:00,探索・検索,"searches while typing, groups occurrences, and reveals a result without changing display mode",fixture PR / production build / Chromium / path・commit・comment・walkthrough固有データ,acceptance,"review-flow.spec.ts:1143 のユーザーフローを実行し、expect(page.getByText(""5件・3ファイル"", { exact: true }))を観測","expect(page.getByText(""5件・3ファイル"", { exact: true })).toBeVisible() が成立する",production buildのChromium full E2Eでassertion成立,passed,,,product code変更なし,full E2E 59/59,review-flow.spec.ts:1143,matcher=toBeVisible / 697 unique assertionsから51 flowsをround-robin抽出
UAT-375,e2e-observation,2026-08-16T16:20:00+09:00,2026-08-16T16:20:00+09:00,ウォークスルー,keeps agent explanation passive until a human opens an exact code reference,fixture PR / production build / Chromium / path・commit・comment・walkthrough固有データ,acceptance,"walkthrough.spec.ts:100 のユーザーフローを実行し、expect(page.locator('.document-pane[data-pane=""right""]'))を観測","expect(page.locator('.document-pane[data-pane=""right""]')).toBeVisible() が成立する",production buildのChromium full E2Eでassertion成立,passed,,,product code変更なし,full E2E 59/59,walkthrough.spec.ts:100,matcher=toBeVisible / 697 unique assertionsから51 flowsをround-robin抽出
UAT-376,e2e-observation,2026-08-16T16:20:00+09:00,2026-08-16T16:20:00+09:00,ウォークスルー,moves document tabs between at most two panes and previews repository Markdown,fixture PR / production build / Chromium / path・commit・comment・walkthrough固有データ,acceptance,walkthrough.spec.ts:646 のユーザーフローを実行し、expect(previewComposerBox!.y)を観測,"expect(previewComposerBox!.y).toBeGreaterThanOrEqual( previewSourceLineBox!.y + previewSourceLineBox!.height, ) が成立する",production buildのChromium full E2Eでassertion成立,passed,,,product code変更なし,full E2E 59/59,walkthrough.spec.ts:646,matcher=toBeGreaterThanOrEqual / 697 unique assertionsから51 flowsをround-robin抽出
UAT-377,e2e-observation,2026-08-16T16:20:00+09:00,2026-08-16T16:20:00+09:00,コメント,renders the Markdown walkthrough showcase and keeps every expression commentable,fixture PR / production build / Chromium / path・commit・comment・walkthrough固有データ,acceptance,walkthrough.spec.ts:1054 のユーザーフローを実行し、expect(diagramDraft)を観測,"expect(diagramDraft).toHaveValue(""a"") が成立する",production buildのChromium full E2Eでassertion成立,passed,,,product code変更なし,full E2E 59/59,walkthrough.spec.ts:1054,matcher=toHaveValue / 697 unique assertionsから51 flowsをround-robin抽出
UAT-378,e2e-observation,2026-08-16T16:20:00+09:00,2026-08-16T16:20:00+09:00,コメント,comments on selected walkthrough lines and marks them Outdated after replacement,fixture PR / production build / Chromium / path・commit・comment・walkthrough固有データ,acceptance,walkthrough.spec.ts:1542 のユーザーフローを実行し、expect(response.ok())を観測,expect(response.ok()).toBe(true) が成立する,production buildのChromium full E2Eでassertion成立,passed,,,product code変更なし,full E2E 59/59,walkthrough.spec.ts:1542,matcher=toBe / 697 unique assertionsから51 flowsをround-robin抽出
UAT-379,e2e-observation,2026-08-16T16:20:00+09:00,2026-08-16T16:20:00+09:00,コメント,"reviews a line across commits, preserves the tabbed UI, and resolves it",fixture PR / production build / Chromium / path・commit・comment・walkthrough固有データ,acceptance,review-flow.spec.ts:76 のユーザーフローを実行し、expect(endBox).notを観測,expect(endBox).not.toBeNull() が成立する,production buildのChromium full E2Eでassertion成立,passed,,,product code変更なし,full E2E 59/59,review-flow.spec.ts:76,matcher=toBeNull / 697 unique assertionsから51 flowsをround-robin抽出
UAT-380,e2e-observation,2026-08-16T16:20:00+09:00,2026-08-16T16:20:00+09:00,コメント,keeps PR body preview comments interactive and stacks collapsed source menus without layout shifts,fixture PR / production build / Chromium / path・commit・comment・walkthrough固有データ,acceptance,review-flow.spec.ts:981 のユーザーフローを実行し、expect(lowerMenu)を観測,expect(lowerMenu).toHaveClass(/opens-upward/) が成立する,production buildのChromium full E2Eでassertion成立,passed,,,product code変更なし,full E2E 59/59,review-flow.spec.ts:981,matcher=toHaveClass / 697 unique assertionsから51 flowsをround-robin抽出
UAT-381,e2e-observation,2026-08-16T16:20:00+09:00,2026-08-16T16:20:00+09:00,探索・検索,"searches while typing, groups occurrences, and reveals a result without changing display mode",fixture PR / production build / Chromium / path・commit・comment・walkthrough固有データ,acceptance,"review-flow.spec.ts:1146 のユーザーフローを実行し、expect(page.getByRole(""button"", { name: ""src/fixture.ts 13行"" }))を観測","expect(page.getByRole(""button"", { name: ""src/fixture.ts 13行"" })).toHaveCount(0) が成立する",production buildのChromium full E2Eでassertion成立,passed,,,product code変更なし,full E2E 59/59,review-flow.spec.ts:1146,matcher=toHaveCount / 697 unique assertionsから51 flowsをround-robin抽出
UAT-382,e2e-observation,2026-08-16T16:20:00+09:00,2026-08-16T16:20:00+09:00,ウォークスルー,keeps agent explanation passive until a human opens an exact code reference,fixture PR / production build / Chromium / path・commit・comment・walkthrough固有データ,acceptance,walkthrough.spec.ts:101 のユーザーフローを実行し、expect(commitPicker)を観測,"expect(commitPicker).toHaveAttribute(""aria-label"", initialCommitSelection!) が成立する",production buildのChromium full E2Eでassertion成立,passed,,,product code変更なし,full E2E 59/59,walkthrough.spec.ts:101,matcher=toHaveAttribute / 697 unique assertionsから51 flowsをround-robin抽出
UAT-383,e2e-observation,2026-08-16T16:20:00+09:00,2026-08-16T16:20:00+09:00,ウォークスルー,moves document tabs between at most two panes and previews repository Markdown,fixture PR / production build / Chromium / path・commit・comment・walkthrough固有データ,acceptance,walkthrough.spec.ts:649 のユーザーフローを実行し、expect(previewComposerBox!.x)を観測,expect(previewComposerBox!.x).toBeGreaterThanOrEqual(previewSurfaceBox!.x + 11) が成立する,production buildのChromium full E2Eでassertion成立,passed,,,product code変更なし,full E2E 59/59,walkthrough.spec.ts:649,matcher=toBeGreaterThanOrEqual / 697 unique assertionsから51 flowsをround-robin抽出
UAT-384,e2e-observation,2026-08-16T16:20:00+09:00,2026-08-16T16:20:00+09:00,コメント,renders the Markdown walkthrough showcase and keeps every expression commentable,fixture PR / production build / Chromium / path・commit・comment・walkthrough固有データ,acceptance,"walkthrough.spec.ts:1055 のユーザーフローを実行し、expect .poll( async () => await diagramDraft.evaluate( (element) => (window as unknown as { rvwDiagramDraft?: Element }).rvwDiagramDraft === element, ), )を観測","expect .poll( async () => await diagramDraft.evaluate( (element) => (window as unknown as { rvwDiagramDraft?: Element }).rvwDiagramDraft === element, ), ) .toBe(true) が成立する",production buildのChromium full E2Eでassertion成立,passed,,,product code変更なし,full E2E 59/59,walkthrough.spec.ts:1055,matcher=toBe / 697 unique assertionsから51 flowsをround-robin抽出
UAT-385,e2e-observation,2026-08-16T16:20:00+09:00,2026-08-16T16:20:00+09:00,コメント,comments on selected walkthrough lines and marks them Outdated after replacement,fixture PR / production build / Chromium / path・commit・comment・walkthrough固有データ,acceptance,"walkthrough.spec.ts:1544 のユーザーフローを実行し、expect(page.getByRole(""tab"", { name: updatedTitle }))を観測","expect(page.getByRole(""tab"", { name: updatedTitle })).toHaveAttribute( ""aria-selected"", ""true"", ) が成立する",production buildのChromium full E2Eでassertion成立,passed,,,product code変更なし,full E2E 59/59,walkthrough.spec.ts:1544,matcher=toHaveAttribute / 697 unique assertionsから51 flowsをround-robin抽出
UAT-386,e2e-observation,2026-08-16T16:20:00+09:00,2026-08-16T16:20:00+09:00,コメント,"reviews a line across commits, preserves the tabbed UI, and resolves it",fixture PR / production build / Chromium / path・commit・comment・walkthrough固有データ,acceptance,"review-flow.spec.ts:87 のユーザーフローを実行し、expect(actionsMenu.getByRole(""menuitemradio"", { name: ""システム"" }))を観測","expect(actionsMenu.getByRole(""menuitemradio"", { name: ""システム"" })).toHaveAttribute( ""aria-checked"", ""true"", ) が成立する",production buildのChromium full E2Eでassertion成立,passed,,,product code変更なし,full E2E 59/59,review-flow.spec.ts:87,matcher=toHaveAttribute / 697 unique assertionsから51 flowsをround-robin抽出
UAT-387,e2e-observation,2026-08-16T16:20:00+09:00,2026-08-16T16:20:00+09:00,コメント,keeps PR body preview comments interactive and stacks collapsed source menus without layout shifts,fixture PR / production build / Chromium / path・commit・comment・walkthrough固有データ,acceptance,"review-flow.spec.ts:982 のユーザーフローを実行し、expect(menuLayering(lower.comment.id, upper.comment.id)).resolvesを観測","expect(menuLayering(lower.comment.id, upper.comment.id)).resolves.toEqual({ overlaps: true, menuIsOnTop: true, }) が成立する",production buildのChromium full E2Eでassertion成立,passed,,,product code変更なし,full E2E 59/59,review-flow.spec.ts:982,matcher=toEqual / 697 unique assertionsから51 flowsをround-robin抽出
UAT-388,e2e-observation,2026-08-16T16:20:00+09:00,2026-08-16T16:20:00+09:00,探索・検索,"searches while typing, groups occurrences, and reveals a result without changing display mode",fixture PR / production build / Chromium / path・commit・comment・walkthrough固有データ,acceptance,review-flow.spec.ts:1151 のユーザーフローを実行し、expect(matchCaseButton)を観測,"expect(matchCaseButton).toHaveAttribute(""aria-pressed"", ""true"") が成立する",production buildのChromium full E2Eでassertion成立,passed,,,product code変更なし,full E2E 59/59,review-flow.spec.ts:1151,matcher=toHaveAttribute / 697 unique assertionsから51 flowsをround-robin抽出
UAT-389,e2e-observation,2026-08-16T16:20:00+09:00,2026-08-16T16:20:00+09:00,ウォークスルー,keeps agent explanation passive until a human opens an exact code reference,fixture PR / production build / Chromium / path・commit・comment・walkthrough固有データ,acceptance,"walkthrough.spec.ts:102 のユーザーフローを実行し、expect(page.getByRole(""tab""))を観測","expect(page.getByRole(""tab"")).toHaveCount(3) が成立する",production buildのChromium full E2Eでassertion成立,passed,,,product code変更なし,full E2E 59/59,walkthrough.spec.ts:102,matcher=toHaveCount / 697 unique assertionsから51 flowsをround-robin抽出
UAT-390,e2e-observation,2026-08-16T16:20:00+09:00,2026-08-16T16:20:00+09:00,ウォークスルー,moves document tabs between at most two panes and previews repository Markdown,fixture PR / production build / Chromium / path・commit・comment・walkthrough固有データ,acceptance,walkthrough.spec.ts:650 のユーザーフローを実行し、expect(previewComposerBox!.x + previewComposerBox!.width)を観測,"expect(previewComposerBox!.x + previewComposerBox!.width).toBeLessThanOrEqual( previewSurfaceBox!.x + previewSurfaceBox!.width - 11, ) が成立する",production buildのChromium full E2Eでassertion成立,passed,,,product code変更なし,full E2E 59/59,walkthrough.spec.ts:650,matcher=toBeLessThanOrEqual / 697 unique assertionsから51 flowsをround-robin抽出
UAT-391,e2e-observation,2026-08-16T16:20:00+09:00,2026-08-16T16:20:00+09:00,コメント,renders the Markdown walkthrough showcase and keeps every expression commentable,fixture PR / production build / Chromium / path・commit・comment・walkthrough固有データ,acceptance,"walkthrough.spec.ts:1064 のユーザーフローを実行し、expect .poll( async () => await diagramDraft.evaluate((element) => { const textarea = element as HTMLTextAreaElement; return [textarea.selectionStart, textarea.selectionEnd]; }), )を観測","expect .poll( async () => await diagramDraft.evaluate((element) => { const textarea = element as HTMLTextAreaElement; return [textarea.selectionStart, textarea.selectionEnd]; }), ) .toEqual([1, 1]) が成立する",production buildのChromium full E2Eでassertion成立,passed,,,product code変更なし,full E2E 59/59,walkthrough.spec.ts:1064,matcher=toEqual / 697 unique assertionsから51 flowsをround-robin抽出
UAT-392,e2e-observation,2026-08-16T16:20:00+09:00,2026-08-16T16:20:00+09:00,コメント,comments on selected walkthrough lines and marks them Outdated after replacement,fixture PR / production build / Chromium / path・commit・comment・walkthrough固有データ,acceptance,"walkthrough.spec.ts:1551 のユーザーフローを実行し、expect(sidebarLineComment.locator("".badge--outdated""))を観測","expect(sidebarLineComment.locator("".badge--outdated"")).toBeVisible() が成立する",production buildのChromium full E2Eでassertion成立,passed,,,product code変更なし,full E2E 59/59,walkthrough.spec.ts:1551,matcher=toBeVisible / 697 unique assertionsから51 flowsをround-robin抽出
UAT-393,e2e-observation,2026-08-16T16:20:00+09:00,2026-08-16T16:20:00+09:00,コメント,"reviews a line across commits, preserves the tabbed UI, and resolves it",fixture PR / production build / Chromium / path・commit・comment・walkthrough固有データ,acceptance,"review-flow.spec.ts:92 のユーザーフローを実行し、expect(page.locator(""html""))を観測","expect(page.locator(""html"")).toHaveAttribute(""data-theme"", ""dark"") が成立する",production buildのChromium full E2Eでassertion成立,passed,,,product code変更なし,full E2E 59/59,review-flow.spec.ts:92,matcher=toHaveAttribute / 697 unique assertionsから51 flowsをround-robin抽出
UAT-394,e2e-observation,2026-08-16T16:20:00+09:00,2026-08-16T16:20:00+09:00,コメント,keeps PR body preview comments interactive and stacks collapsed source menus without layout shifts,fixture PR / production build / Chromium / path・commit・comment・walkthrough固有データ,acceptance,review-flow.spec.ts:998 のユーザーフローを実行し、expect(bounds).notを観測,expect(bounds).not.toBeNull() が成立する,production buildのChromium full E2Eでassertion成立,passed,,,product code変更なし,full E2E 59/59,review-flow.spec.ts:998,matcher=toBeNull / 697 unique assertionsから51 flowsをround-robin抽出
UAT-395,e2e-observation,2026-08-16T16:20:00+09:00,2026-08-16T16:20:00+09:00,探索・検索,"searches while typing, groups occurrences, and reveals a result without changing display mode",fixture PR / production build / Chromium / path・commit・comment・walkthrough固有データ,acceptance,"review-flow.spec.ts:1152 のユーザーフローを実行し、expect(page.getByText(""3件・1ファイル"", { exact: true }))を観測","expect(page.getByText(""3件・1ファイル"", { exact: true })).toBeVisible() が成立する",production buildのChromium full E2Eでassertion成立,passed,,,product code変更なし,full E2E 59/59,review-flow.spec.ts:1152,matcher=toBeVisible / 697 unique assertionsから51 flowsをround-robin抽出
UAT-396,e2e-observation,2026-08-16T16:20:00+09:00,2026-08-16T16:20:00+09:00,ウォークスルー,keeps agent explanation passive until a human opens an exact code reference,fixture PR / production build / Chromium / path・commit・comment・walkthrough固有データ,acceptance,"walkthrough.spec.ts:103 のユーザーフローを実行し、expect(page.locator('.document-pane[data-pane=""right""] diffs-container'))を観測","expect(page.locator('.document-pane[data-pane=""right""] diffs-container')).toHaveAttribute( ""data-search-target-line"", ""9"", ) が成立する",production buildのChromium full E2Eでassertion成立,passed,,,product code変更なし,full E2E 59/59,walkthrough.spec.ts:103,matcher=toHaveAttribute / 697 unique assertionsから51 flowsをround-robin抽出
UAT-397,e2e-observation,2026-08-16T16:20:00+09:00,2026-08-16T16:20:00+09:00,ウォークスルー,moves document tabs between at most two panes and previews repository Markdown,fixture PR / production build / Chromium / path・commit・comment・walkthrough固有データ,acceptance,walkthrough.spec.ts:660 のユーザーフローを実行し、expect(previewComment)を観測,expect(previewComment).toBeVisible() が成立する,production buildのChromium full E2Eでassertion成立,passed,,,product code変更なし,full E2E 59/59,walkthrough.spec.ts:660,matcher=toBeVisible / 697 unique assertionsから51 flowsをround-robin抽出
UAT-398,e2e-observation,2026-08-16T16:20:00+09:00,2026-08-16T16:20:00+09:00,コメント,renders the Markdown walkthrough showcase and keeps every expression commentable,fixture PR / production build / Chromium / path・commit・comment・walkthrough固有データ,acceptance,walkthrough.spec.ts:1074 のユーザーフローを実行し、expect(diagramDraft)を観測,"expect(diagramDraft).toHaveValue(""aiueo"") が成立する",production buildのChromium full E2Eでassertion成立,passed,,,product code変更なし,full E2E 59/59,walkthrough.spec.ts:1074,matcher=toHaveValue / 697 unique assertionsから51 flowsをround-robin抽出
UAT-399,e2e-observation,2026-08-16T16:20:00+09:00,2026-08-16T16:20:00+09:00,コメント,comments on selected walkthrough lines and marks them Outdated after replacement,fixture PR / production build / Chromium / path・commit・comment・walkthrough固有データ,acceptance,"walkthrough.spec.ts:1552 のユーザーフローを実行し、expect( sidebarLineComment.getByText(""コメント作成時の選択範囲"", { exact: true }), )を観測","expect( sidebarLineComment.getByText(""コメント作成時の選択範囲"", { exact: true }), ).toBeVisible() が成立する",production buildのChromium full E2Eでassertion成立,passed,,,product code変更なし,full E2E 59/59,walkthrough.spec.ts:1552,matcher=toBeVisible / 697 unique assertionsから51 flowsをround-robin抽出
UAT-400,e2e-observation,2026-08-16T16:20:00+09:00,2026-08-16T16:20:00+09:00,コメント,"reviews a line across commits, preserves the tabbed UI, and resolves it",fixture PR / production build / Chromium / path・commit・comment・walkthrough固有データ,acceptance,"review-flow.spec.ts:93 のユーザーフローを実行し、expect(page.locator(""body""))を観測","expect(page.locator(""body"")).toHaveCSS(""background-color"", ""rgb(13, 17, 23)"") が成立する",production buildのChromium full E2Eでassertion成立,passed,,,product code変更なし,full E2E 59/59,review-flow.spec.ts:93,matcher=toHaveCSS / 697 unique assertionsから51 flowsをround-robin抽出
UAT-401,e2e-observation,2026-08-16T16:20:00+09:00,2026-08-16T16:20:00+09:00,コメント,keeps PR body preview comments interactive and stacks collapsed source menus without layout shifts,fixture PR / production build / Chromium / path・commit・comment・walkthrough固有データ,acceptance,review-flow.spec.ts:999 のユーザーフローを実行し、expect(bounds!.menuTop)を観測,expect(bounds!.menuTop).toBeGreaterThan(0) が成立する,production buildのChromium full E2Eでassertion成立,passed,,,product code変更なし,full E2E 59/59,review-flow.spec.ts:999,matcher=toBeGreaterThan / 697 unique assertionsから51 flowsをround-robin抽出
UAT-402,e2e-observation,2026-08-16T16:20:00+09:00,2026-08-16T16:20:00+09:00,探索・検索,"searches while typing, groups occurrences, and reveals a result without changing display mode",fixture PR / production build / Chromium / path・commit・comment・walkthrough固有データ,acceptance,review-flow.spec.ts:1156 のユーザーフローを実行し、expect(wholeWordButton)を観測,"expect(wholeWordButton).toHaveAttribute(""aria-pressed"", ""true"") が成立する",production buildのChromium full E2Eでassertion成立,passed,,,product code変更なし,full E2E 59/59,review-flow.spec.ts:1156,matcher=toHaveAttribute / 697 unique assertionsから51 flowsをround-robin抽出
UAT-403,e2e-observation,2026-08-16T16:20:00+09:00,2026-08-16T16:20:00+09:00,ウォークスルー,keeps agent explanation passive until a human opens an exact code reference,fixture PR / production build / Chromium / path・commit・comment・walkthrough固有データ,acceptance,walkthrough.spec.ts:112 のユーザーフローを実行し、expect(firstSelectedHandlerLine)を観測,expect(firstSelectedHandlerLine).toBeVisible() が成立する,production buildのChromium full E2Eでassertion成立,passed,,,product code変更なし,full E2E 59/59,walkthrough.spec.ts:112,matcher=toBeVisible / 697 unique assertionsから51 flowsをround-robin抽出
UAT-404,e2e-observation,2026-08-16T16:20:00+09:00,2026-08-16T16:20:00+09:00,ウォークスルー,moves document tabs between at most two panes and previews repository Markdown,fixture PR / production build / Chromium / path・commit・comment・walkthrough固有データ,acceptance,"walkthrough.spec.ts:661 のユーザーフローを実行し、expect(previewComment.getByText(""L6"", { exact: true }))を観測","expect(previewComment.getByText(""L6"", { exact: true })).toBeVisible() が成立する",production buildのChromium full E2Eでassertion成立,passed,,,product code変更なし,full E2E 59/59,walkthrough.spec.ts:661,matcher=toBeVisible / 697 unique assertionsから51 flowsをround-robin抽出
UAT-405,e2e-observation,2026-08-16T16:20:00+09:00,2026-08-16T16:20:00+09:00,コメント,renders the Markdown walkthrough showcase and keeps every expression commentable,fixture PR / production build / Chromium / path・commit・comment・walkthrough固有データ,acceptance,"walkthrough.spec.ts:1075 のユーザーフローを実行し、expect .poll(async () => { const [composerBox, paneBox] = await Promise.all([ diagramComposer.boundingBox(), activeDocumentPane.boundingBox(), ]); return composerBox && paneBox ? composerBox.y + composerBox.height <= paneBox.y + paneBox.height + 1 : false; })を観測","expect .poll(async () => { const [composerBox, paneBox] = await Promise.all([ diagramComposer.boundingBox(), activeDocumentPane.boundingBox(), ]); return composerBox && paneBox ? composerBox.y + composerBox.height <= paneBox.y + paneBox.height + 1 : false; }) .toBe(true) が成立する",production buildのChromium full E2Eでassertion成立,passed,,,product code変更なし,full E2E 59/59,walkthrough.spec.ts:1075,matcher=toBe / 697 unique assertionsから51 flowsをround-robin抽出
UAT-406,e2e-observation,2026-08-16T16:20:00+09:00,2026-08-16T16:20:00+09:00,コメント,comments on selected walkthrough lines and marks them Outdated after replacement,fixture PR / production build / Chromium / path・commit・comment・walkthrough固有データ,acceptance,"walkthrough.spec.ts:1555 のユーザーフローを実行し、expect( sidebarLineComment.getByText(""この変更は、注文作成を単なる HTTP handler"", { exact: false }), )を観測","expect( sidebarLineComment.getByText(""この変更は、注文作成を単なる HTTP handler"", { exact: false }), ).toBeVisible() が成立する",production buildのChromium full E2Eでassertion成立,passed,,,product code変更なし,full E2E 59/59,walkthrough.spec.ts:1555,matcher=toBeVisible / 697 unique assertionsから51 flowsをround-robin抽出
UAT-407,e2e-observation,2026-08-16T16:20:00+09:00,2026-08-16T16:20:00+09:00,コメント,"reviews a line across commits, preserves the tabbed UI, and resolves it",fixture PR / production build / Chromium / path・commit・comment・walkthrough固有データ,acceptance,"review-flow.spec.ts:94 のユーザーフローを実行し、expect(page.locator("".topbar""))を観測","expect(page.locator("".topbar"")).toHaveCSS(""background-color"", ""rgb(1, 4, 9)"") が成立する",production buildのChromium full E2Eでassertion成立,passed,,,product code変更なし,full E2E 59/59,review-flow.spec.ts:94,matcher=toHaveCSS / 697 unique assertionsから51 flowsをround-robin抽出
UAT-408,e2e-observation,2026-08-16T16:20:00+09:00,2026-08-16T16:20:00+09:00,コメント,keeps PR body preview comments interactive and stacks collapsed source menus without layout shifts,fixture PR / production build / Chromium / path・commit・comment・walkthrough固有データ,acceptance,review-flow.spec.ts:1000 のユーザーフローを実行し、expect(bounds!.menuBottom)を観測,expect(bounds!.menuBottom).toBeLessThanOrEqual(bounds!.fileBottom) が成立する,production buildのChromium full E2Eでassertion成立,passed,,,product code変更なし,full E2E 59/59,review-flow.spec.ts:1000,matcher=toBeLessThanOrEqual / 697 unique assertionsから51 flowsをround-robin抽出
UAT-409,e2e-observation,2026-08-16T16:20:00+09:00,2026-08-16T16:20:00+09:00,探索・検索,"searches while typing, groups occurrences, and reveals a result without changing display mode",fixture PR / production build / Chromium / path・commit・comment・walkthrough固有データ,acceptance,"review-flow.spec.ts:1157 のユーザーフローを実行し、expect(page.getByText(""2件・1ファイル"", { exact: true }))を観測","expect(page.getByText(""2件・1ファイル"", { exact: true })).toBeVisible() が成立する",production buildのChromium full E2Eでassertion成立,passed,,,product code変更なし,full E2E 59/59,review-flow.spec.ts:1157,matcher=toBeVisible / 697 unique assertionsから51 flowsをround-robin抽出
UAT-410,e2e-observation,2026-08-16T16:20:00+09:00,2026-08-16T16:20:00+09:00,ウォークスルー,keeps agent explanation passive until a human opens an exact code reference,fixture PR / production build / Chromium / path・commit・comment・walkthrough固有データ,acceptance,walkthrough.spec.ts:113 のユーザーフローを実行し、expect(firstSelectedHandlerLine)を観測,"expect(firstSelectedHandlerLine).toHaveCSS(""box-shadow"", ""none"") が成立する",production buildのChromium full E2Eでassertion成立,passed,,,product code変更なし,full E2E 59/59,walkthrough.spec.ts:113,matcher=toHaveCSS / 697 unique assertionsから51 flowsをround-robin抽出
UAT-411,e2e-observation,2026-08-16T16:20:00+09:00,2026-08-16T16:20:00+09:00,ウォークスルー,moves document tabs between at most two panes and previews repository Markdown,fixture PR / production build / Chromium / path・commit・comment・walkthrough固有データ,acceptance,"walkthrough.spec.ts:663 のユーザーフローを実行し、expect(readinessTable.getByRole(""cell"").first())を観測","expect(readinessTable.getByRole(""cell"").first()).toHaveCSS(""user-select"", ""text"") が成立する",production buildのChromium full E2Eでassertion成立,passed,,,product code変更なし,full E2E 59/59,walkthrough.spec.ts:663,matcher=toHaveCSS / 697 unique assertionsから51 flowsをround-robin抽出
UAT-412,e2e-observation,2026-08-16T16:20:00+09:00,2026-08-16T16:20:00+09:00,コメント,renders the Markdown walkthrough showcase and keeps every expression commentable,fixture PR / production build / Chromium / path・commit・comment・walkthrough固有データ,acceptance,walkthrough.spec.ts:1092 のユーザーフローを実行し、expect .poll(async () => await activeDocumentPane.evaluate((element) => element.scrollTop))を観測,expect .poll(async () => await activeDocumentPane.evaluate((element) => element.scrollTop)) .toBeGreaterThan(scrollTopBeforeThemeChange - 200) が成立する,production buildのChromium full E2Eでassertion成立,passed,,,product code変更なし,full E2E 59/59,walkthrough.spec.ts:1092,matcher=toBeGreaterThan / 697 unique assertionsから51 flowsをround-robin抽出
UAT-413,e2e-observation,2026-08-16T16:20:00+09:00,2026-08-16T16:20:00+09:00,コメント,comments on selected walkthrough lines and marks them Outdated after replacement,fixture PR / production build / Chromium / path・commit・comment・walkthrough固有データ,acceptance,"walkthrough.spec.ts:1559 のユーザーフローを実行し、expect( page.locator(`.document-pane[data-pane=""left""] [data-comment-id=""${inlineCommentId}""]`), )を観測","expect( page.locator(`.document-pane[data-pane=""left""] [data-comment-id=""${inlineCommentId}""]`), ).toBeInViewport() が成立する",production buildのChromium full E2Eでassertion成立,passed,,,product code変更なし,full E2E 59/59,walkthrough.spec.ts:1559,matcher=toBeInViewport / 697 unique assertionsから51 flowsをround-robin抽出
UAT-414,e2e-observation,2026-08-16T16:20:00+09:00,2026-08-16T16:20:00+09:00,コメント,"reviews a line across commits, preserves the tabbed UI, and resolves it",fixture PR / production build / Chromium / path・commit・comment・walkthrough固有データ,acceptance,review-flow.spec.ts:108 のユーザーフローを実行し、expect(darkDiffColors.background)を観測,"expect(darkDiffColors.background).toBe(""rgb(0, 0, 0)"") が成立する",production buildのChromium full E2Eでassertion成立,passed,,,product code変更なし,full E2E 59/59,review-flow.spec.ts:108,matcher=toBe / 697 unique assertionsから51 flowsをround-robin抽出
UAT-415,e2e-observation,2026-08-16T16:20:00+09:00,2026-08-16T16:20:00+09:00,コメント,keeps PR body preview comments interactive and stacks collapsed source menus without layout shifts,fixture PR / production build / Chromium / path・commit・comment・walkthrough固有データ,acceptance,review-flow.spec.ts:1004 のユーザーフローを実行し、expect(deleteResponse.ok())を観測,expect(deleteResponse.ok()).toBe(true) が成立する,production buildのChromium full E2Eでassertion成立,passed,,,product code変更なし,full E2E 59/59,review-flow.spec.ts:1004,matcher=toBe / 697 unique assertionsから51 flowsをround-robin抽出
UAT-416,e2e-observation,2026-08-16T16:20:00+09:00,2026-08-16T16:20:00+09:00,探索・検索,"searches while typing, groups occurrences, and reveals a result without changing display mode",fixture PR / production build / Chromium / path・commit・comment・walkthrough固有データ,acceptance,"review-flow.spec.ts:1161 のユーザーフローを実行し、expect(page.getByRole(""tab"", { name: ""src/fixture.ts"" }))を観測","expect(page.getByRole(""tab"", { name: ""src/fixture.ts"" })).toHaveAttribute( ""aria-selected"", ""true"", ) が成立する",production buildのChromium full E2Eでassertion成立,passed,,,product code変更なし,full E2E 59/59,review-flow.spec.ts:1161,matcher=toHaveAttribute / 697 unique assertionsから51 flowsをround-robin抽出
UAT-417,e2e-observation,2026-08-16T16:20:00+09:00,2026-08-16T16:20:00+09:00,ウォークスルー,keeps agent explanation passive until a human opens an exact code reference,fixture PR / production build / Chromium / path・commit・comment・walkthrough固有データ,acceptance,"walkthrough.spec.ts:114 のユーザーフローを実行し、expect( page .locator( '.document-pane[data-pane=""right""] diffs-container [data-line=""39""][data-selected-line=""last""]', ) .first(), )を観測","expect( page .locator( '.document-pane[data-pane=""right""] diffs-container [data-line=""39""][data-selected-line=""last""]', ) .first(), ).toBeVisible() が成立する",production buildのChromium full E2Eでassertion成立,passed,,,product code変更なし,full E2E 59/59,walkthrough.spec.ts:114,matcher=toBeVisible / 697 unique assertionsから51 flowsをround-robin抽出
UAT-418,e2e-observation,2026-08-16T16:20:00+09:00,2026-08-16T16:20:00+09:00,ウォークスルー,moves document tabs between at most two panes and previews repository Markdown,fixture PR / production build / Chromium / path・commit・comment・walkthrough固有データ,acceptance,"walkthrough.spec.ts:664 のユーザーフローを実行し、expect(readinessTable.getByRole(""columnheader"", { name: ""Check"" }))を観測","expect(readinessTable.getByRole(""columnheader"", { name: ""Check"" })).toBeVisible() が成立する",production buildのChromium full E2Eでassertion成立,passed,,,product code変更なし,full E2E 59/59,walkthrough.spec.ts:664,matcher=toBeVisible / 697 unique assertionsから51 flowsをround-robin抽出
UAT-419,e2e-observation,2026-08-16T16:20:00+09:00,2026-08-16T16:20:00+09:00,コメント,renders the Markdown walkthrough showcase and keeps every expression commentable,fixture PR / production build / Chromium / path・commit・comment・walkthrough固有データ,acceptance,"walkthrough.spec.ts:1096 のユーザーフローを実行し、expect( await diagramDraft.evaluate( (element) => (window as unknown as { rvwDiagramDraft?: Element }).rvwDiagramDraft === element, ), )を観測","expect( await diagramDraft.evaluate( (element) => (window as unknown as { rvwDiagramDraft?: Element }).rvwDiagramDraft === element, ), ).toBe(true) が成立する",production buildのChromium full E2Eでassertion成立,passed,,,product code変更なし,full E2E 59/59,walkthrough.spec.ts:1096,matcher=toBe / 697 unique assertionsから51 flowsをround-robin抽出
UAT-420,e2e-observation,2026-08-16T16:20:00+09:00,2026-08-16T16:20:00+09:00,コメント,"reviews a line across commits, preserves the tabbed UI, and resolves it",fixture PR / production build / Chromium / path・commit・comment・walkthrough固有データ,acceptance,review-flow.spec.ts:109 のユーザーフローを実行し、expect(darkDiffColors.addition)を観測,"expect(darkDiffColors.addition).toContain(""86%"") が成立する",production buildのChromium full E2Eでassertion成立,passed,,,product code変更なし,full E2E 59/59,review-flow.spec.ts:109,matcher=toContain / 697 unique assertionsから51 flowsをround-robin抽出
UAT-421,e2e-observation,2026-08-16T16:20:00+09:00,2026-08-16T16:20:00+09:00,探索・検索,"searches while typing, groups occurrences, and reveals a result without changing display mode",fixture PR / production build / Chromium / path・commit・comment・walkthrough固有データ,acceptance,"review-flow.spec.ts:1165 のユーザーフローを実行し、expect( page .getByRole(""tab"", { name: ""src/fixture.ts"" }) .locator('[data-file-icon=""lang-typescript-duo""]'), )を観測","expect( page .getByRole(""tab"", { name: ""src/fixture.ts"" }) .locator('[data-file-icon=""lang-typescript-duo""]'), ).toBeVisible() が成立する",production buildのChromium full E2Eでassertion成立,passed,,,product code変更なし,full E2E 59/59,review-flow.spec.ts:1165,matcher=toBeVisible / 697 unique assertionsから51 flowsをround-robin抽出
UAT-422,e2e-observation,2026-08-16T16:20:00+09:00,2026-08-16T16:20:00+09:00,ウォークスルー,keeps agent explanation passive until a human opens an exact code reference,fixture PR / production build / Chromium / path・commit・comment・walkthrough固有データ,acceptance,"walkthrough.spec.ts:121 のユーザーフローを実行し、expect( page.locator('.walkthrough-diagram svg[data-render-instance=""initial""]'), )を観測","expect( page.locator('.walkthrough-diagram svg[data-render-instance=""initial""]'), ).toHaveCount(1) が成立する",production buildのChromium full E2Eでassertion成立,passed,,,product code変更なし,full E2E 59/59,walkthrough.spec.ts:121,matcher=toHaveCount / 697 unique assertionsから51 flowsをround-robin抽出
UAT-423,e2e-observation,2026-08-16T16:20:00+09:00,2026-08-16T16:20:00+09:00,ウォークスルー,moves document tabs between at most two panes and previews repository Markdown,fixture PR / production build / Chromium / path・commit・comment・walkthrough固有データ,acceptance,"walkthrough.spec.ts:665 のユーザーフローを実行し、expect(readinessTable.getByRole(""cell"", { name: ""Pending"" }))を観測","expect(readinessTable.getByRole(""cell"", { name: ""Pending"" })).toBeVisible() が成立する",production buildのChromium full E2Eでassertion成立,passed,,,product code変更なし,full E2E 59/59,walkthrough.spec.ts:665,matcher=toBeVisible / 697 unique assertionsから51 flowsをround-robin抽出
UAT-424,e2e-observation,2026-08-16T16:20:00+09:00,2026-08-16T16:20:00+09:00,コメント,renders the Markdown walkthrough showcase and keeps every expression commentable,fixture PR / production build / Chromium / path・commit・comment・walkthrough固有データ,acceptance,"walkthrough.spec.ts:1108 のユーザーフローを実行し、expect(page.locator("".walkthrough-diagram-comment-composer""))を観測","expect(page.locator("".walkthrough-diagram-comment-composer"")).toHaveCount(0) が成立する",production buildのChromium full E2Eでassertion成立,passed,,,product code変更なし,full E2E 59/59,walkthrough.spec.ts:1108,matcher=toHaveCount / 697 unique assertionsから51 flowsをround-robin抽出
UAT-425,e2e-observation,2026-08-16T16:20:00+09:00,2026-08-16T16:20:00+09:00,コメント,"reviews a line across commits, preserves the tabbed UI, and resolves it",fixture PR / production build / Chromium / path・commit・comment・walkthrough固有データ,acceptance,review-flow.spec.ts:110 のユーザーフローを実行し、expect(darkDiffColors.deletion)を観測,"expect(darkDiffColors.deletion).toContain(""86%"") が成立する",production buildのChromium full E2Eでassertion成立,passed,,,product code変更なし,full E2E 59/59,review-flow.spec.ts:110,matcher=toContain / 697 unique assertionsから51 flowsをround-robin抽出
UAT-426,e2e-observation,2026-08-16T16:20:00+09:00,2026-08-16T16:20:00+09:00,探索・検索,"searches while typing, groups occurrences, and reveals a result without changing display mode",fixture PR / production build / Chromium / path・commit・comment・walkthrough固有データ,acceptance,review-flow.spec.ts:1170 のユーザーフローを実行し、expect(diff)を観測,"expect(diff).toHaveAttribute(""data-search-target-line"", ""13"") が成立する",production buildのChromium full E2Eでassertion成立,passed,,,product code変更なし,full E2E 59/59,review-flow.spec.ts:1170,matcher=toHaveAttribute / 697 unique assertionsから51 flowsをround-robin抽出
UAT-427,e2e-observation,2026-08-16T16:20:00+09:00,2026-08-16T16:20:00+09:00,ウォークスルー,keeps agent explanation passive until a human opens an exact code reference,fixture PR / production build / Chromium / path・commit・comment・walkthrough固有データ,acceptance,"walkthrough.spec.ts:128 のユーザーフローを実行し、expect( page .locator( '.document-pane[data-pane=""right""] diffs-container [data-line=""9""][data-selected-line=""first""]', ) .first(), )を観測","expect( page .locator( '.document-pane[data-pane=""right""] diffs-container [data-line=""9""][data-selected-line=""first""]', ) .first(), ).toBeVisible() が成立する",production buildのChromium full E2Eでassertion成立,passed,,,product code変更なし,full E2E 59/59,walkthrough.spec.ts:128,matcher=toBeVisible / 697 unique assertionsから51 flowsをround-robin抽出
UAT-428,e2e-observation,2026-08-16T16:20:00+09:00,2026-08-16T16:20:00+09:00,ウォークスルー,moves document tabs between at most two panes and previews repository Markdown,fixture PR / production build / Chromium / path・commit・comment・walkthrough固有データ,acceptance,walkthrough.spec.ts:670 のユーザーフローを実行し、expect(wrappingTableCellBox).notを観測,expect(wrappingTableCellBox).not.toBeNull() が成立する,production buildのChromium full E2Eでassertion成立,passed,,,product code変更なし,full E2E 59/59,walkthrough.spec.ts:670,matcher=toBeNull / 697 unique assertionsから51 flowsをround-robin抽出
UAT-429,e2e-observation,2026-08-16T16:20:00+09:00,2026-08-16T16:20:00+09:00,コメント,renders the Markdown walkthrough showcase and keeps every expression commentable,fixture PR / production build / Chromium / path・commit・comment・walkthrough固有データ,acceptance,"walkthrough.spec.ts:1110 のユーザーフローを実行し、expect(page.locator("".walkthrough-markdown pre code""))を観測","expect(page.locator("".walkthrough-markdown pre code"")).toHaveCount(2) が成立する",production buildのChromium full E2Eでassertion成立,passed,,,product code変更なし,full E2E 59/59,walkthrough.spec.ts:1110,matcher=toHaveCount / 697 unique assertionsから51 flowsをround-robin抽出
UAT-430,e2e-observation,2026-08-16T16:20:00+09:00,2026-08-16T16:20:00+09:00,コメント,"reviews a line across commits, preserves the tabbed UI, and resolves it",fixture PR / production build / Chromium / path・commit・comment・walkthrough固有データ,acceptance,review-flow.spec.ts:111 のユーザーフローを実行し、expect(darkDiffColors.additionEmphasis)を観測,"expect(darkDiffColors.additionEmphasis).toContain(""/ 0.14"") が成立する",production buildのChromium full E2Eでassertion成立,passed,,,product code変更なし,full E2E 59/59,review-flow.spec.ts:111,matcher=toContain / 697 unique assertionsから51 flowsをround-robin抽出
UAT-431,e2e-observation,2026-08-16T16:20:00+09:00,2026-08-16T16:20:00+09:00,探索・検索,"searches while typing, groups occurrences, and reveals a result without changing display mode",fixture PR / production build / Chromium / path・commit・comment・walkthrough固有データ,acceptance,"review-flow.spec.ts:1171 のユーザーフローを実行し、expect(diff.locator('[data-line=""13""][data-editor-active-line]'))を観測","expect(diff.locator('[data-line=""13""][data-editor-active-line]')).toBeVisible() が成立する",production buildのChromium full E2Eでassertion成立,passed,,,product code変更なし,full E2E 59/59,review-flow.spec.ts:1171,matcher=toBeVisible / 697 unique assertionsから51 flowsをround-robin抽出
UAT-432,e2e-observation,2026-08-16T16:20:00+09:00,2026-08-16T16:20:00+09:00,ウォークスルー,keeps agent explanation passive until a human opens an exact code reference,fixture PR / production build / Chromium / path・commit・comment・walkthrough固有データ,acceptance,"walkthrough.spec.ts:135 のユーザーフローを実行し、expect( page.locator('.document-pane[data-pane=""right""] .inline-comment-composer--line'), )を観測","expect( page.locator('.document-pane[data-pane=""right""] .inline-comment-composer--line'), ).toBeVisible() が成立する",production buildのChromium full E2Eでassertion成立,passed,,,product code変更なし,full E2E 59/59,walkthrough.spec.ts:135,matcher=toBeVisible / 697 unique assertionsから51 flowsをround-robin抽出
UAT-433,e2e-observation,2026-08-16T16:20:00+09:00,2026-08-16T16:20:00+09:00,ウォークスルー,moves document tabs between at most two panes and previews repository Markdown,fixture PR / production build / Chromium / path・commit・comment・walkthrough固有データ,acceptance,walkthrough.spec.ts:671 のユーザーフローを実行し、expect(wrappingTableCellBox!.width)を観測,expect(wrappingTableCellBox!.width).toBeLessThan(520) が成立する,production buildのChromium full E2Eでassertion成立,passed,,,product code変更なし,full E2E 59/59,walkthrough.spec.ts:671,matcher=toBeLessThan / 697 unique assertionsから51 flowsをround-robin抽出
UAT-434,e2e-observation,2026-08-16T16:20:00+09:00,2026-08-16T16:20:00+09:00,コメント,renders the Markdown walkthrough showcase and keeps every expression commentable,fixture PR / production build / Chromium / path・commit・comment・walkthrough固有データ,acceptance,"walkthrough.spec.ts:1111 のユーザーフローを実行し、expect(page.locator("".walkthrough-markdown hr""))を観測","expect(page.locator("".walkthrough-markdown hr"")).toBeVisible() が成立する",production buildのChromium full E2Eでassertion成立,passed,,,product code変更なし,full E2E 59/59,walkthrough.spec.ts:1111,matcher=toBeVisible / 697 unique assertionsから51 flowsをround-robin抽出
UAT-435,e2e-observation,2026-08-16T16:20:00+09:00,2026-08-16T16:20:00+09:00,コメント,"reviews a line across commits, preserves the tabbed UI, and resolves it",fixture PR / production build / Chromium / path・commit・comment・walkthrough固有データ,acceptance,review-flow.spec.ts:112 のユーザーフローを実行し、expect(darkDiffColors.deletionEmphasis)を観測,"expect(darkDiffColors.deletionEmphasis).toContain(""/ 0.14"") が成立する",production buildのChromium full E2Eでassertion成立,passed,,,product code変更なし,full E2E 59/59,review-flow.spec.ts:112,matcher=toContain / 697 unique assertionsから51 flowsをround-robin抽出
UAT-436,e2e-observation,2026-08-16T16:20:00+09:00,2026-08-16T16:20:00+09:00,ウォークスルー,keeps agent explanation passive until a human opens an exact code reference,fixture PR / production build / Chromium / path・commit・comment・walkthrough固有データ,acceptance,"walkthrough.spec.ts:138 のユーザーフローを実行し、expect( page.locator( '.document-pane[data-pane=""right""] diffs-container [data-line=""39""][data-selected-line]', ), )を観測","expect( page.locator( '.document-pane[data-pane=""right""] diffs-container [data-line=""39""][data-selected-line]', ), ).toHaveCount(0) が成立する",production buildのChromium full E2Eでassertion成立,passed,,,product code変更なし,full E2E 59/59,walkthrough.spec.ts:138,matcher=toHaveCount / 697 unique assertionsから51 flowsをround-robin抽出
UAT-437,e2e-observation,2026-08-16T16:20:00+09:00,2026-08-16T16:20:00+09:00,ウォークスルー,moves document tabs between at most two panes and previews repository Markdown,fixture PR / production build / Chromium / path・commit・comment・walkthrough固有データ,acceptance,walkthrough.spec.ts:672 のユーザーフローを実行し、expect(wrappingTableCellBox!.height)を観測,expect(wrappingTableCellBox!.height).toBeGreaterThan(55) が成立する,production buildのChromium full E2Eでassertion成立,passed,,,product code変更なし,full E2E 59/59,walkthrough.spec.ts:672,matcher=toBeGreaterThan / 697 unique assertionsから51 flowsをround-robin抽出
UAT-438,e2e-observation,2026-08-16T16:20:00+09:00,2026-08-16T16:20:00+09:00,コメント,"reviews a line across commits, preserves the tabbed UI, and resolves it",fixture PR / production build / Chromium / path・commit・comment・walkthrough固有データ,acceptance,"review-flow.spec.ts:113 のユーザーフローを実行し、expect .poll(async () => await page.evaluate(() => window.localStorage.getItem(""rvw.theme"")))を観測","expect .poll(async () => await page.evaluate(() => window.localStorage.getItem(""rvw.theme""))) .toBe(""dark"") が成立する",production buildのChromium full E2Eでassertion成立,passed,,,product code変更なし,full E2E 59/59,review-flow.spec.ts:113,matcher=toBe / 697 unique assertionsから51 flowsをround-robin抽出
UAT-439,e2e-observation,2026-08-16T16:20:00+09:00,2026-08-16T16:20:00+09:00,ウォークスルー,keeps agent explanation passive until a human opens an exact code reference,fixture PR / production build / Chromium / path・commit・comment・walkthrough固有データ,acceptance,"walkthrough.spec.ts:147 のユーザーフローを実行し、expect( page.locator('.walkthrough-diagram svg[data-render-instance=""initial""]'), )を観測","expect( page.locator('.walkthrough-diagram svg[data-render-instance=""initial""]'), ).toHaveCount(0) が成立する",production buildのChromium full E2Eでassertion成立,passed,,,product code変更なし,full E2E 59/59,walkthrough.spec.ts:147,matcher=toHaveCount / 697 unique assertionsから51 flowsをround-robin抽出
UAT-440,e2e-observation,2026-08-16T16:20:00+09:00,2026-08-16T16:20:00+09:00,ウォークスルー,moves document tabs between at most two panes and previews repository Markdown,fixture PR / production build / Chromium / path・commit・comment・walkthrough固有データ,acceptance,walkthrough.spec.ts:685 のユーザーフローを実行し、expect(tableComment)を観測,expect(tableComment).toBeVisible() が成立する,production buildのChromium full E2Eでassertion成立,passed,,,product code変更なし,full E2E 59/59,walkthrough.spec.ts:685,matcher=toBeVisible / 697 unique assertionsから51 flowsをround-robin抽出
UAT-441,e2e-observation,2026-08-16T16:20:00+09:00,2026-08-16T16:20:00+09:00,コメント,"reviews a line across commits, preserves the tabbed UI, and resolves it",fixture PR / production build / Chromium / path・commit・comment・walkthrough固有データ,acceptance,"review-flow.spec.ts:119 のユーザーフローを実行し、expect(page.locator(""html""))を観測","expect(page.locator(""html"")).toHaveAttribute(""data-theme"", ""light"") が成立する",production buildのChromium full E2Eでassertion成立,passed,,,product code変更なし,full E2E 59/59,review-flow.spec.ts:119,matcher=toHaveAttribute / 697 unique assertionsから51 flowsをround-robin抽出
UAT-442,e2e-observation,2026-08-16T16:20:00+09:00,2026-08-16T16:20:00+09:00,ウォークスルー,keeps agent explanation passive until a human opens an exact code reference,fixture PR / production build / Chromium / path・commit・comment・walkthrough固有データ,acceptance,walkthrough.spec.ts:164 のユーザーフローを実行し、expect(activeTabIndicator.indicatorLeft)を観測,expect(activeTabIndicator.indicatorLeft).toBe(0) が成立する,production buildのChromium full E2Eでassertion成立,passed,,,product code変更なし,full E2E 59/59,walkthrough.spec.ts:164,matcher=toBe / 697 unique assertionsから51 flowsをround-robin抽出
UAT-443,e2e-observation,2026-08-16T16:20:00+09:00,2026-08-16T16:20:00+09:00,ウォークスルー,moves document tabs between at most two panes and previews repository Markdown,fixture PR / production build / Chromium / path・commit・comment・walkthrough固有データ,acceptance,"walkthrough.spec.ts:686 のユーザーフローを実行し、expect(tableComment.getByText(""L34"", { exact: true }))を観測","expect(tableComment.getByText(""L34"", { exact: true })).toBeVisible() が成立する",production buildのChromium full E2Eでassertion成立,passed,,,product code変更なし,full E2E 59/59,walkthrough.spec.ts:686,matcher=toBeVisible / 697 unique assertionsから51 flowsをround-robin抽出
UAT-444,e2e-observation,2026-08-16T16:20:00+09:00,2026-08-16T16:20:00+09:00,コメント,"reviews a line across commits, preserves the tabbed UI, and resolves it",fixture PR / production build / Chromium / path・commit・comment・walkthrough固有データ,acceptance,"review-flow.spec.ts:120 のユーザーフローを実行し、expect(page.locator(""body""))を観測","expect(page.locator(""body"")).toHaveCSS(""background-color"", ""rgb(246, 248, 250)"") が成立する",production buildのChromium full E2Eでassertion成立,passed,,,product code変更なし,full E2E 59/59,review-flow.spec.ts:120,matcher=toHaveCSS / 697 unique assertionsから51 flowsをround-robin抽出
UAT-445,e2e-observation,2026-08-16T16:20:00+09:00,2026-08-16T16:20:00+09:00,ウォークスルー,keeps agent explanation passive until a human opens an exact code reference,fixture PR / production build / Chromium / path・commit・comment・walkthrough固有データ,acceptance,walkthrough.spec.ts:165 のユーザーフローを実行し、expect(activeTabIndicator.indicatorRight)を観測,expect(activeTabIndicator.indicatorRight).toBe(0) が成立する,production buildのChromium full E2Eでassertion成立,passed,,,product code変更なし,full E2E 59/59,walkthrough.spec.ts:165,matcher=toBe / 697 unique assertionsから51 flowsをround-robin抽出
UAT-446,e2e-observation,2026-08-16T16:20:00+09:00,2026-08-16T16:20:00+09:00,ウォークスルー,moves document tabs between at most two panes and previews repository Markdown,fixture PR / production build / Chromium / path・commit・comment・walkthrough固有データ,acceptance,walkthrough.spec.ts:692 のユーザーフローを実行し、expect(codeSourceLine)を観測,expect(codeSourceLine).toHaveCount(1) が成立する,production buildのChromium full E2Eでassertion成立,passed,,,product code変更なし,full E2E 59/59,walkthrough.spec.ts:692,matcher=toHaveCount / 697 unique assertionsから51 flowsをround-robin抽出
UAT-447,e2e-observation,2026-08-16T16:20:00+09:00,2026-08-16T16:20:00+09:00,コメント,"reviews a line across commits, preserves the tabbed UI, and resolves it",fixture PR / production build / Chromium / path・commit・comment・walkthrough固有データ,acceptance,"review-flow.spec.ts:121 のユーザーフローを実行し、expect(page.locator("".topbar""))を観測","expect(page.locator("".topbar"")).toHaveCSS(""background-color"", ""rgb(36, 41, 47)"") が成立する",production buildのChromium full E2Eでassertion成立,passed,,,product code変更なし,full E2E 59/59,review-flow.spec.ts:121,matcher=toHaveCSS / 697 unique assertionsから51 flowsをround-robin抽出
UAT-448,e2e-observation,2026-08-16T16:20:00+09:00,2026-08-16T16:20:00+09:00,ウォークスルー,keeps agent explanation passive until a human opens an exact code reference,fixture PR / production build / Chromium / path・commit・comment・walkthrough固有データ,acceptance,walkthrough.spec.ts:166 のユーザーフローを実行し、expect(activeTabIndicator.indicatorWidth)を観測,expect(activeTabIndicator.indicatorWidth).toBeLessThanOrEqual(activeTabIndicator.tabWidth) が成立する,production buildのChromium full E2Eでassertion成立,passed,,,product code変更なし,full E2E 59/59,walkthrough.spec.ts:166,matcher=toBeLessThanOrEqual / 697 unique assertionsから51 flowsをround-robin抽出
UAT-449,e2e-observation,2026-08-16T16:20:00+09:00,2026-08-16T16:20:00+09:00,ウォークスルー,moves document tabs between at most two panes and previews repository Markdown,fixture PR / production build / Chromium / path・commit・comment・walkthrough固有データ,acceptance,walkthrough.spec.ts:697 のユーザーフローを実行し、expect(codeComposer)を観測,"expect(codeComposer).toHaveValue(""コード行へのコメント"") が成立する",production buildのChromium full E2Eでassertion成立,passed,,,product code変更なし,full E2E 59/59,walkthrough.spec.ts:697,matcher=toHaveValue / 697 unique assertionsから51 flowsをround-robin抽出
UAT-450,e2e-observation,2026-08-16T16:20:00+09:00,2026-08-16T16:20:00+09:00,コメント,"reviews a line across commits, preserves the tabbed UI, and resolves it",fixture PR / production build / Chromium / path・commit・comment・walkthrough固有データ,acceptance,"review-flow.spec.ts:122 のユーザーフローを実行し、expect .poll( async () => await page.locator("".document-tab.active"").evaluate((element) => ({ header: getComputedStyle(document.querySelector("".topbar"")!).backgroundColor, tabAccent: getComputedStyle(element, ""::before"").backgroundColor, })), )を観測","expect .poll( async () => await page.locator("".document-tab.active"").evaluate((element) => ({ header: getComputedStyle(document.querySelector("".topbar"")!).backgroundColor, tabAccent: getComputedStyle(element, ""::before"").backgroundColor, })), ) .toEqual({ header: ""rgb(36, 41, 47)"", tabAccent: ""rgb(9, 105, 218)"" }) が成立する",production buildのChromium full E2Eでassertion成立,passed,,,product code変更なし,full E2E 59/59,review-flow.spec.ts:122,matcher=toEqual / 697 unique assertionsから51 flowsをround-robin抽出
UAT-451,e2e-observation,2026-08-16T16:20:00+09:00,2026-08-16T16:20:00+09:00,ウォークスルー,keeps agent explanation passive until a human opens an exact code reference,fixture PR / production build / Chromium / path・commit・comment・walkthrough固有データ,acceptance,walkthrough.spec.ts:167 のユーザーフローを実行し、expect(activeTabIndicator.tabWidth - activeTabIndicator.indicatorWidth)を観測,expect(activeTabIndicator.tabWidth - activeTabIndicator.indicatorWidth).toBeLessThanOrEqual(1) が成立する,production buildのChromium full E2Eでassertion成立,passed,,,product code変更なし,full E2E 59/59,walkthrough.spec.ts:167,matcher=toBeLessThanOrEqual / 697 unique assertionsから51 flowsをround-robin抽出
UAT-452,e2e-observation,2026-08-16T16:20:00+09:00,2026-08-16T16:20:00+09:00,ウォークスルー,moves document tabs between at most two panes and previews repository Markdown,fixture PR / production build / Chromium / path・commit・comment・walkthrough固有データ,acceptance,walkthrough.spec.ts:704 のユーザーフローを実行し、expect(taskItems)を観測,expect(taskItems).toHaveCount(2) が成立する,production buildのChromium full E2Eでassertion成立,passed,,,product code変更なし,full E2E 59/59,walkthrough.spec.ts:704,matcher=toHaveCount / 697 unique assertionsから51 flowsをround-robin抽出
UAT-453,e2e-observation,2026-08-16T16:20:00+09:00,2026-08-16T16:20:00+09:00,コメント,"reviews a line across commits, preserves the tabbed UI, and resolves it",fixture PR / production build / Chromium / path・commit・comment・walkthrough固有データ,acceptance,"review-flow.spec.ts:134 のユーザーフローを実行し、expect(page.locator(""html""))を観測","expect(page.locator(""html"")).toHaveAttribute(""data-theme"", ""system"") が成立する",production buildのChromium full E2Eでassertion成立,passed,,,product code変更なし,full E2E 59/59,review-flow.spec.ts:134,matcher=toHaveAttribute / 697 unique assertionsから51 flowsをround-robin抽出
UAT-454,e2e-observation,2026-08-16T16:20:00+09:00,2026-08-16T16:20:00+09:00,ウォークスルー,keeps agent explanation passive until a human opens an exact code reference,fixture PR / production build / Chromium / path・commit・comment・walkthrough固有データ,acceptance,walkthrough.spec.ts:169 のユーザーフローを実行し、expect(shell)を観測,"expect(shell).toHaveCSS(""box-shadow"", ""none"") が成立する",production buildのChromium full E2Eでassertion成立,passed,,,product code変更なし,full E2E 59/59,walkthrough.spec.ts:169,matcher=toHaveCSS / 697 unique assertionsから51 flowsをround-robin抽出
UAT-455,e2e-observation,2026-08-16T16:20:00+09:00,2026-08-16T16:20:00+09:00,ウォークスルー,moves document tabs between at most two panes and previews repository Markdown,fixture PR / production build / Chromium / path・commit・comment・walkthrough固有データ,acceptance,walkthrough.spec.ts:705 のユーザーフローを実行し、expect(taskItems.nth(0))を観測,"expect(taskItems.nth(0)).toContainText(""Unit tests"") が成立する",production buildのChromium full E2Eでassertion成立,passed,,,product code変更なし,full E2E 59/59,walkthrough.spec.ts:705,matcher=toContainText / 697 unique assertionsから51 flowsをround-robin抽出
UAT-456,e2e-observation,2026-08-16T16:20:00+09:00,2026-08-16T16:20:00+09:00,コメント,"reviews a line across commits, preserves the tabbed UI, and resolves it",fixture PR / production build / Chromium / path・commit・comment・walkthrough固有データ,acceptance,"review-flow.spec.ts:135 のユーザーフローを実行し、expect(page.locator("".topbar"").getByRole(""region"", { name: ""レビュー範囲"" }))を観測","expect(page.locator("".topbar"").getByRole(""region"", { name: ""レビュー範囲"" })).toBeVisible() が成立する",production buildのChromium full E2Eでassertion成立,passed,,,product code変更なし,full E2E 59/59,review-flow.spec.ts:135,matcher=toBeVisible / 697 unique assertionsから51 flowsをround-robin抽出
UAT-457,e2e-observation,2026-08-16T16:20:00+09:00,2026-08-16T16:20:00+09:00,ウォークスルー,keeps agent explanation passive until a human opens an exact code reference,fixture PR / production build / Chromium / path・commit・comment・walkthrough固有データ,acceptance,walkthrough.spec.ts:187 のユーザーフローを実行し、expect(headerBoxes.every((box) => box !== null))を観測,expect(headerBoxes.every((box) => box !== null)).toBe(true) が成立する,production buildのChromium full E2Eでassertion成立,passed,,,product code変更なし,full E2E 59/59,walkthrough.spec.ts:187,matcher=toBe / 697 unique assertionsから51 flowsをround-robin抽出
UAT-458,e2e-observation,2026-08-16T16:20:00+09:00,2026-08-16T16:20:00+09:00,ウォークスルー,moves document tabs between at most two panes and previews repository Markdown,fixture PR / production build / Chromium / path・commit・comment・walkthrough固有データ,acceptance,"walkthrough.spec.ts:706 のユーザーフローを実行し、expect(taskItems.nth(0).locator('input[type=""checkbox""]'))を観測","expect(taskItems.nth(0).locator('input[type=""checkbox""]')).toBeChecked() が成立する",production buildのChromium full E2Eでassertion成立,passed,,,product code変更なし,full E2E 59/59,walkthrough.spec.ts:706,matcher=toBeChecked / 697 unique assertionsから51 flowsをround-robin抽出
UAT-459,e2e-observation,2026-08-16T16:20:00+09:00,2026-08-16T16:20:00+09:00,コメント,"reviews a line across commits, preserves the tabbed UI, and resolves it",fixture PR / production build / Chromium / path・commit・comment・walkthrough固有データ,acceptance,review-flow.spec.ts:138 のユーザーフローを実行し、expect(filesStack)を観測,"expect(filesStack).toHaveAttribute(""aria-expanded"", ""true"") が成立する",production buildのChromium full E2Eでassertion成立,passed,,,product code変更なし,full E2E 59/59,review-flow.spec.ts:138,matcher=toHaveAttribute / 697 unique assertionsから51 flowsをround-robin抽出
UAT-460,e2e-observation,2026-08-16T16:20:00+09:00,2026-08-16T16:20:00+09:00,ウォークスルー,keeps agent explanation passive until a human opens an exact code reference,fixture PR / production build / Chromium / path・commit・comment・walkthrough固有データ,acceptance,"walkthrough.spec.ts:188 のユーザーフローを実行し、expect(overlaps(headerBoxes[0]!, headerBoxes[1]!))を観測","expect(overlaps(headerBoxes[0]!, headerBoxes[1]!)).toBe(false) が成立する",production buildのChromium full E2Eでassertion成立,passed,,,product code変更なし,full E2E 59/59,walkthrough.spec.ts:188,matcher=toBe / 697 unique assertionsから51 flowsをround-robin抽出
UAT-461,e2e-observation,2026-08-16T16:20:00+09:00,2026-08-16T16:20:00+09:00,ウォークスルー,moves document tabs between at most two panes and previews repository Markdown,fixture PR / production build / Chromium / path・commit・comment・walkthrough固有データ,acceptance,"walkthrough.spec.ts:707 のユーザーフローを実行し、expect(taskItems.nth(1).locator('input[type=""checkbox""]')).notを観測","expect(taskItems.nth(1).locator('input[type=""checkbox""]')).not.toBeChecked() が成立する",production buildのChromium full E2Eでassertion成立,passed,,,product code変更なし,full E2E 59/59,walkthrough.spec.ts:707,matcher=toBeChecked / 697 unique assertionsから51 flowsをround-robin抽出
UAT-462,e2e-observation,2026-08-16T16:20:00+09:00,2026-08-16T16:20:00+09:00,コメント,"reviews a line across commits, preserves the tabbed UI, and resolves it",fixture PR / production build / Chromium / path・commit・comment・walkthrough固有データ,acceptance,review-flow.spec.ts:139 のユーザーフローを実行し、expect(commentsStack)を観測,"expect(commentsStack).toHaveAttribute(""aria-expanded"", ""true"") が成立する",production buildのChromium full E2Eでassertion成立,passed,,,product code変更なし,full E2E 59/59,review-flow.spec.ts:139,matcher=toHaveAttribute / 697 unique assertionsから51 flowsをround-robin抽出
UAT-463,e2e-observation,2026-08-16T16:20:00+09:00,2026-08-16T16:20:00+09:00,ウォークスルー,keeps agent explanation passive until a human opens an exact code reference,fixture PR / production build / Chromium / path・commit・comment・walkthrough固有データ,acceptance,"walkthrough.spec.ts:189 のユーザーフローを実行し、expect(walkthroughHeader.locator("".walkthrough-comment-button""))を観測","expect(walkthroughHeader.locator("".walkthrough-comment-button"")).toBeInViewport() が成立する",production buildのChromium full E2Eでassertion成立,passed,,,product code変更なし,full E2E 59/59,walkthrough.spec.ts:189,matcher=toBeInViewport / 697 unique assertionsから51 flowsをround-robin抽出
UAT-464,e2e-observation,2026-08-16T16:20:00+09:00,2026-08-16T16:20:00+09:00,ウォークスルー,moves document tabs between at most two panes and previews repository Markdown,fixture PR / production build / Chromium / path・commit・comment・walkthrough固有データ,acceptance,"walkthrough.spec.ts:708 のユーザーフローを実行し、expect(taskItems.nth(0).locator('input[type=""checkbox""]'))を観測","expect(taskItems.nth(0).locator('input[type=""checkbox""]')).toBeDisabled() が成立する",production buildのChromium full E2Eでassertion成立,passed,,,product code変更なし,full E2E 59/59,walkthrough.spec.ts:708,matcher=toBeDisabled / 697 unique assertionsから51 flowsをround-robin抽出
UAT-465,e2e-observation,2026-08-16T16:20:00+09:00,2026-08-16T16:20:00+09:00,コメント,"reviews a line across commits, preserves the tabbed UI, and resolves it",fixture PR / production build / Chromium / path・commit・comment・walkthrough固有データ,acceptance,review-flow.spec.ts:141 のユーザーフローを実行し、expect(filesStack)を観測,"expect(filesStack).toHaveAttribute(""aria-expanded"", ""false"") が成立する",production buildのChromium full E2Eでassertion成立,passed,,,product code変更なし,full E2E 59/59,review-flow.spec.ts:141,matcher=toHaveAttribute / 697 unique assertionsから51 flowsをround-robin抽出
UAT-466,e2e-observation,2026-08-16T16:20:00+09:00,2026-08-16T16:20:00+09:00,ウォークスルー,keeps agent explanation passive until a human opens an exact code reference,fixture PR / production build / Chromium / path・commit・comment・walkthrough固有データ,acceptance,"walkthrough.spec.ts:190 のユーザーフローを実行し、expect( await walkthroughHeader.evaluate((element) => element.scrollWidth <= element.clientWidth), )を観測","expect( await walkthroughHeader.evaluate((element) => element.scrollWidth <= element.clientWidth), ).toBe(true) が成立する",production buildのChromium full E2Eでassertion成立,passed,,,product code変更なし,full E2E 59/59,walkthrough.spec.ts:190,matcher=toBe / 697 unique assertionsから51 flowsをround-robin抽出
UAT-467,e2e-observation,2026-08-16T16:20:00+09:00,2026-08-16T16:20:00+09:00,ウォークスルー,moves document tabs between at most two panes and previews repository Markdown,fixture PR / production build / Chromium / path・commit・comment・walkthrough固有データ,acceptance,"walkthrough.spec.ts:709 のユーザーフローを実行し、expect(taskItems.nth(1).locator('input[type=""checkbox""]'))を観測","expect(taskItems.nth(1).locator('input[type=""checkbox""]')).toBeDisabled() が成立する",production buildのChromium full E2Eでassertion成立,passed,,,product code変更なし,full E2E 59/59,walkthrough.spec.ts:709,matcher=toBeDisabled / 697 unique assertionsから51 flowsをround-robin抽出
UAT-468,e2e-observation,2026-08-16T16:20:00+09:00,2026-08-16T16:20:00+09:00,コメント,"reviews a line across commits, preserves the tabbed UI, and resolves it",fixture PR / production build / Chromium / path・commit・comment・walkthrough固有データ,acceptance,review-flow.spec.ts:145 のユーザーフローを実行し、expect(fileNameSearchInput)を観測,"expect(fileNameSearchInput).toHaveCSS(""height"", ""34px"") が成立する",production buildのChromium full E2Eでassertion成立,passed,,,product code変更なし,full E2E 59/59,review-flow.spec.ts:145,matcher=toHaveCSS / 697 unique assertionsから51 flowsをround-robin抽出
UAT-469,e2e-observation,2026-08-16T16:20:00+09:00,2026-08-16T16:20:00+09:00,ウォークスルー,keeps agent explanation passive until a human opens an exact code reference,fixture PR / production build / Chromium / path・commit・comment・walkthrough固有データ,acceptance,"walkthrough.spec.ts:198 のユーザーフローを実行し、expect(page.getByRole(""tab"", { name: ""src/http/routes/orders.ts"" }))を観測","expect(page.getByRole(""tab"", { name: ""src/http/routes/orders.ts"" })).toHaveAttribute( ""aria-selected"", ""true"", ) が成立する",production buildのChromium full E2Eでassertion成立,passed,,,product code変更なし,full E2E 59/59,walkthrough.spec.ts:198,matcher=toHaveAttribute / 697 unique assertionsから51 flowsをround-robin抽出
UAT-470,e2e-observation,2026-08-16T16:20:00+09:00,2026-08-16T16:20:00+09:00,ウォークスルー,moves document tabs between at most two panes and previews repository Markdown,fixture PR / production build / Chromium / path・commit・comment・walkthrough固有データ,acceptance,walkthrough.spec.ts:713 のユーザーフローを実行し、expect(taskSourceLine)を観測,expect(taskSourceLine).toHaveCount(1) が成立する,production buildのChromium full E2Eでassertion成立,passed,,,product code変更なし,full E2E 59/59,walkthrough.spec.ts:713,matcher=toHaveCount / 697 unique assertionsから51 flowsをround-robin抽出
UAT-471,e2e-observation,2026-08-16T16:20:00+09:00,2026-08-16T16:20:00+09:00,コメント,"reviews a line across commits, preserves the tabbed UI, and resolves it",fixture PR / production build / Chromium / path・commit・comment・walkthrough固有データ,acceptance,review-flow.spec.ts:146 のユーザーフローを実行し、expect(fileNameSearchInput)を観測,"expect(fileNameSearchInput).toHaveCSS(""font-size"", ""12px"") が成立する",production buildのChromium full E2Eでassertion成立,passed,,,product code変更なし,full E2E 59/59,review-flow.spec.ts:146,matcher=toHaveCSS / 697 unique assertionsから51 flowsをround-robin抽出
UAT-472,e2e-observation,2026-08-16T16:20:00+09:00,2026-08-16T16:20:00+09:00,ウォークスルー,keeps agent explanation passive until a human opens an exact code reference,fixture PR / production build / Chromium / path・commit・comment・walkthrough固有データ,acceptance,"walkthrough.spec.ts:202 のユーザーフローを実行し、expect(page.locator('.document-pane[data-pane=""left""] diffs-container'))を観測","expect(page.locator('.document-pane[data-pane=""left""] diffs-container')).toHaveAttribute( ""data-search-target-line"", ""10"", ) が成立する",production buildのChromium full E2Eでassertion成立,passed,,,product code変更なし,full E2E 59/59,walkthrough.spec.ts:202,matcher=toHaveAttribute / 697 unique assertionsから51 flowsをround-robin抽出
UAT-473,e2e-observation,2026-08-16T16:20:00+09:00,2026-08-16T16:20:00+09:00,ウォークスルー,moves document tabs between at most two panes and previews repository Markdown,fixture PR / production build / Chromium / path・commit・comment・walkthrough固有データ,acceptance,"walkthrough.spec.ts:715 のユーザーフローを実行し、expect(page.getByRole(""button"", { name: ""L36へコメント"", exact: true }))を観測","expect(page.getByRole(""button"", { name: ""L36へコメント"", exact: true })).toBeVisible() が成立する",production buildのChromium full E2Eでassertion成立,passed,,,product code変更なし,full E2E 59/59,walkthrough.spec.ts:715,matcher=toBeVisible / 697 unique assertionsから51 flowsをround-robin抽出
UAT-474,e2e-observation,2026-08-16T16:20:00+09:00,2026-08-16T16:20:00+09:00,コメント,"reviews a line across commits, preserves the tabbed UI, and resolves it",fixture PR / production build / Chromium / path・commit・comment・walkthrough固有データ,acceptance,"review-flow.spec.ts:147 のユーザーフローを実行し、expect( page .getByRole(""button"", { name: ""src/fixture.ts"" }) .locator('[data-file-icon=""lang-typescript-duo""]'), )を観測","expect( page .getByRole(""button"", { name: ""src/fixture.ts"" }) .locator('[data-file-icon=""lang-typescript-duo""]'), ).toBeVisible() が成立する",production buildのChromium full E2Eでassertion成立,passed,,,product code変更なし,full E2E 59/59,review-flow.spec.ts:147,matcher=toBeVisible / 697 unique assertionsから51 flowsをround-robin抽出
UAT-475,e2e-observation,2026-08-16T16:20:00+09:00,2026-08-16T16:20:00+09:00,ウォークスルー,keeps agent explanation passive until a human opens an exact code reference,fixture PR / production build / Chromium / path・commit・comment・walkthrough固有データ,acceptance,"walkthrough.spec.ts:211 のユーザーフローを実行し、expect(fileReference.locator(""small""))を観測","expect(fileReference.locator(""small"")).toHaveText(""File"") が成立する",production buildのChromium full E2Eでassertion成立,passed,,,product code変更なし,full E2E 59/59,walkthrough.spec.ts:211,matcher=toHaveText / 697 unique assertionsから51 flowsをround-robin抽出
UAT-476,e2e-observation,2026-08-16T16:20:00+09:00,2026-08-16T16:20:00+09:00,ウォークスルー,moves document tabs between at most two panes and previews repository Markdown,fixture PR / production build / Chromium / path・commit・comment・walkthrough固有データ,acceptance,walkthrough.spec.ts:721 のユーザーフローを実行し、expect(operationalDetails).notを観測,"expect(operationalDetails).not.toHaveAttribute(""open"", """") が成立する",production buildのChromium full E2Eでassertion成立,passed,,,product code変更なし,full E2E 59/59,walkthrough.spec.ts:721,matcher=toHaveAttribute / 697 unique assertionsから51 flowsをround-robin抽出
UAT-477,e2e-observation,2026-08-16T16:20:00+09:00,2026-08-16T16:20:00+09:00,コメント,"reviews a line across commits, preserves the tabbed UI, and resolves it",fixture PR / production build / Chromium / path・commit・comment・walkthrough固有データ,acceptance,"review-flow.spec.ts:152 のユーザーフローを実行し、expect( page.getByRole(""button"", { name: ""src/fixture.ts"" }).locator('[data-change-kind=""modified""]'), )を観測","expect( page.getByRole(""button"", { name: ""src/fixture.ts"" }).locator('[data-change-kind=""modified""]'), ).toBeVisible() が成立する",production buildのChromium full E2Eでassertion成立,passed,,,product code変更なし,full E2E 59/59,review-flow.spec.ts:152,matcher=toBeVisible / 697 unique assertionsから51 flowsをround-robin抽出
UAT-478,e2e-observation,2026-08-16T16:20:00+09:00,2026-08-16T16:20:00+09:00,ウォークスルー,keeps agent explanation passive until a human opens an exact code reference,fixture PR / production build / Chromium / path・commit・comment・walkthrough固有データ,acceptance,walkthrough.spec.ts:212 のユーザーフローを実行し、expect(fileReference)を観測,"expect(fileReference).toHaveAttribute(""title"", ""src/bootstrap/application.ts"") が成立する",production buildのChromium full E2Eでassertion成立,passed,,,product code変更なし,full E2E 59/59,walkthrough.spec.ts:212,matcher=toHaveAttribute / 697 unique assertionsから51 flowsをround-robin抽出
UAT-479,e2e-observation,2026-08-16T16:20:00+09:00,2026-08-16T16:20:00+09:00,ウォークスルー,moves document tabs between at most two panes and previews repository Markdown,fixture PR / production build / Chromium / path・commit・comment・walkthrough固有データ,acceptance,walkthrough.spec.ts:722 のユーザーフローを実行し、expect(operationalDetails.getByText(/Payment reconciliation/))を観測,expect(operationalDetails.getByText(/Payment reconciliation/)).toBeHidden() が成立する,production buildのChromium full E2Eでassertion成立,passed,,,product code変更なし,full E2E 59/59,walkthrough.spec.ts:722,matcher=toBeHidden / 697 unique assertionsから51 flowsをround-robin抽出
UAT-480,e2e-observation,2026-08-16T16:20:00+09:00,2026-08-16T16:20:00+09:00,コメント,"reviews a line across commits, preserves the tabbed UI, and resolves it",fixture PR / production build / Chromium / path・commit・comment・walkthrough固有データ,acceptance,"review-flow.spec.ts:156 のユーザーフローを実行し、expect(fixtureTreeFile.locator('[data-file-icon=""lang-typescript-duo""]'))を観測","expect(fixtureTreeFile.locator('[data-file-icon=""lang-typescript-duo""]')).toBeVisible() が成立する",production buildのChromium full E2Eでassertion成立,passed,,,product code変更なし,full E2E 59/59,review-flow.spec.ts:156,matcher=toBeVisible / 697 unique assertionsから51 flowsをround-robin抽出
UAT-481,e2e-observation,2026-08-16T16:20:00+09:00,2026-08-16T16:20:00+09:00,ウォークスルー,keeps agent explanation passive until a human opens an exact code reference,fixture PR / production build / Chromium / path・commit・comment・walkthrough固有データ,acceptance,"walkthrough.spec.ts:214 のユーザーフローを実行し、expect(page.getByRole(""tab"", { name: ""src/bootstrap/application.ts"" }))を観測","expect(page.getByRole(""tab"", { name: ""src/bootstrap/application.ts"" })).toHaveAttribute( ""aria-selected"", ""true"", ) が成立する",production buildのChromium full E2Eでassertion成立,passed,,,product code変更なし,full E2E 59/59,walkthrough.spec.ts:214,matcher=toHaveAttribute / 697 unique assertionsから51 flowsをround-robin抽出
UAT-482,e2e-observation,2026-08-16T16:20:00+09:00,2026-08-16T16:20:00+09:00,ウォークスルー,moves document tabs between at most two panes and previews repository Markdown,fixture PR / production build / Chromium / path・commit・comment・walkthrough固有データ,acceptance,walkthrough.spec.ts:724 のユーザーフローを実行し、expect(operationalDetails)を観測,"expect(operationalDetails).toHaveAttribute(""open"", """") が成立する",production buildのChromium full E2Eでassertion成立,passed,,,product code変更なし,full E2E 59/59,walkthrough.spec.ts:724,matcher=toHaveAttribute / 697 unique assertionsから51 flowsをround-robin抽出
UAT-483,e2e-observation,2026-08-16T16:20:00+09:00,2026-08-16T16:20:00+09:00,コメント,"reviews a line across commits, preserves the tabbed UI, and resolves it",fixture PR / production build / Chromium / path・commit・comment・walkthrough固有データ,acceptance,"review-flow.spec.ts:161 のユーザーフローを実行し、expect(pullRequestTreeFile.locator('[data-file-icon=""lang-markdown""]'))を観測","expect(pullRequestTreeFile.locator('[data-file-icon=""lang-markdown""]')).toBeVisible() が成立する",production buildのChromium full E2Eでassertion成立,passed,,,product code変更なし,full E2E 59/59,review-flow.spec.ts:161,matcher=toBeVisible / 697 unique assertionsから51 flowsをround-robin抽出
UAT-484,e2e-observation,2026-08-16T16:20:00+09:00,2026-08-16T16:20:00+09:00,ウォークスルー,keeps agent explanation passive until a human opens an exact code reference,fixture PR / production build / Chromium / path・commit・comment・walkthrough固有データ,acceptance,"walkthrough.spec.ts:218 のユーザーフローを実行し、expect( page.locator('.document-pane[data-pane=""left""] diffs-container'), ).notを観測","expect( page.locator('.document-pane[data-pane=""left""] diffs-container'), ).not.toHaveAttribute(""data-search-target-line"") が成立する",production buildのChromium full E2Eでassertion成立,passed,,,product code変更なし,full E2E 59/59,walkthrough.spec.ts:218,matcher=toHaveAttribute / 697 unique assertionsから51 flowsをround-robin抽出
UAT-485,e2e-observation,2026-08-16T16:20:00+09:00,2026-08-16T16:20:00+09:00,ウォークスルー,moves document tabs between at most two panes and previews repository Markdown,fixture PR / production build / Chromium / path・commit・comment・walkthrough固有データ,acceptance,walkthrough.spec.ts:725 のユーザーフローを実行し、expect(operationalDetails.getByText(/Payment reconciliation/))を観測,expect(operationalDetails.getByText(/Payment reconciliation/)).toBeVisible() が成立する,production buildのChromium full E2Eでassertion成立,passed,,,product code変更なし,full E2E 59/59,walkthrough.spec.ts:725,matcher=toBeVisible / 697 unique assertionsから51 flowsをround-robin抽出
UAT-486,e2e-observation,2026-08-16T16:20:00+09:00,2026-08-16T16:20:00+09:00,コメント,"reviews a line across commits, preserves the tabbed UI, and resolves it",fixture PR / production build / Chromium / path・commit・comment・walkthrough固有データ,acceptance,"review-flow.spec.ts:162 のユーザーフローを実行し、expect( await pullRequestTreeFile.evaluate( (element) => element.parentElement?.classList.contains(""file-tree"") && element.parentElement.firstElementChild === element, ), )を観測","expect( await pullRequestTreeFile.evaluate( (element) => element.parentElement?.classList.contains(""file-tree"") && element.parentElement.firstElementChild === element, ), ).toBe(true) が成立する",production buildのChromium full E2Eでassertion成立,passed,,,product code変更なし,full E2E 59/59,review-flow.spec.ts:162,matcher=toBe / 697 unique assertionsから51 flowsをround-robin抽出
UAT-487,e2e-observation,2026-08-16T16:20:00+09:00,2026-08-16T16:20:00+09:00,ウォークスルー,keeps agent explanation passive until a human opens an exact code reference,fixture PR / production build / Chromium / path・commit・comment・walkthrough固有データ,acceptance,walkthrough.spec.ts:225 のユーザーフローを実行し、expect(orderDiagramNode)を観測,expect(orderDiagramNode).toBeVisible() が成立する,production buildのChromium full E2Eでassertion成立,passed,,,product code変更なし,full E2E 59/59,walkthrough.spec.ts:225,matcher=toBeVisible / 697 unique assertionsから51 flowsをround-robin抽出
UAT-488,e2e-observation,2026-08-16T16:20:00+09:00,2026-08-16T16:20:00+09:00,ウォークスルー,moves document tabs between at most two panes and previews repository Markdown,fixture PR / production build / Chromium / path・commit・comment・walkthrough固有データ,acceptance,walkthrough.spec.ts:738 のユーザーフローを実行し、expect(detailsComment)を観測,expect(detailsComment).toBeVisible() が成立する,production buildのChromium full E2Eでassertion成立,passed,,,product code変更なし,full E2E 59/59,walkthrough.spec.ts:738,matcher=toBeVisible / 697 unique assertionsから51 flowsをround-robin抽出
UAT-489,e2e-observation,2026-08-16T16:20:00+09:00,2026-08-16T16:20:00+09:00,コメント,"reviews a line across commits, preserves the tabbed UI, and resolves it",fixture PR / production build / Chromium / path・commit・comment・walkthrough固有データ,acceptance,"review-flow.spec.ts:171 のユーザーフローを実行し、expect( commitDialog.getByRole(""option"", { name: /Trim fixture input.*最新/ }), )を観測","expect( commitDialog.getByRole(""option"", { name: /Trim fixture input.*最新/ }), ).toBeVisible() が成立する",production buildのChromium full E2Eでassertion成立,passed,,,product code変更なし,full E2E 59/59,review-flow.spec.ts:171,matcher=toBeVisible / 697 unique assertionsから51 flowsをround-robin抽出
UAT-490,e2e-observation,2026-08-16T16:20:00+09:00,2026-08-16T16:20:00+09:00,ウォークスルー,keeps agent explanation passive until a human opens an exact code reference,fixture PR / production build / Chromium / path・commit・comment・walkthrough固有データ,acceptance,"walkthrough.spec.ts:228 のユーザーフローを実行し、expect(page.getByRole(""tab"", { name: ""src/domain/orders/order.ts"" }))を観測","expect(page.getByRole(""tab"", { name: ""src/domain/orders/order.ts"" })).toHaveAttribute( ""aria-selected"", ""true"", ) が成立する",production buildのChromium full E2Eでassertion成立,passed,,,product code変更なし,full E2E 59/59,walkthrough.spec.ts:228,matcher=toHaveAttribute / 697 unique assertionsから51 flowsをround-robin抽出
UAT-491,e2e-observation,2026-08-16T16:20:00+09:00,2026-08-16T16:20:00+09:00,ウォークスルー,moves document tabs between at most two panes and previews repository Markdown,fixture PR / production build / Chromium / path・commit・comment・walkthrough固有データ,acceptance,walkthrough.spec.ts:742 のユーザーフローを実行し、expect(detailsComment)を観測,expect(detailsComment).toBeHidden() が成立する,production buildのChromium full E2Eでassertion成立,passed,,,product code変更なし,full E2E 59/59,walkthrough.spec.ts:742,matcher=toBeHidden / 697 unique assertionsから51 flowsをround-robin抽出
UAT-492,e2e-observation,2026-08-16T16:20:00+09:00,2026-08-16T16:20:00+09:00,コメント,"reviews a line across commits, preserves the tabbed UI, and resolves it",fixture PR / production build / Chromium / path・commit・comment・walkthrough固有データ,acceptance,review-flow.spec.ts:174 のユーザーフローを実行し、expect(page)を観測,"expect(page).toHaveTitle(""rvw: Fixture review updated"") が成立する",production buildのChromium full E2Eでassertion成立,passed,,,product code変更なし,full E2E 59/59,review-flow.spec.ts:174,matcher=toHaveTitle / 697 unique assertionsから51 flowsをround-robin抽出
UAT-493,e2e-observation,2026-08-16T16:20:00+09:00,2026-08-16T16:20:00+09:00,ウォークスルー,keeps agent explanation passive until a human opens an exact code reference,fixture PR / production build / Chromium / path・commit・comment・walkthrough固有データ,acceptance,"walkthrough.spec.ts:232 のユーザーフローを実行し、expect(page.locator('.document-pane[data-pane=""right""] diffs-container'))を観測","expect(page.locator('.document-pane[data-pane=""right""] diffs-container')).toHaveAttribute( ""data-search-target-line"", ""21"", ) が成立する",production buildのChromium full E2Eでassertion成立,passed,,,product code変更なし,full E2E 59/59,walkthrough.spec.ts:232,matcher=toHaveAttribute / 697 unique assertionsから51 flowsをround-robin抽出
UAT-494,e2e-observation,2026-08-16T16:20:00+09:00,2026-08-16T16:20:00+09:00,ウォークスルー,moves document tabs between at most two panes and previews repository Markdown,fixture PR / production build / Chromium / path・commit・comment・walkthrough固有データ,acceptance,"walkthrough.spec.ts:743 のユーザーフローを実行し、expect( page.locator("".comment-list-item"").filter({ hasText: ""折りたたみ内の説明へコメントしました。"", }), )を観測","expect( page.locator("".comment-list-item"").filter({ hasText: ""折りたたみ内の説明へコメントしました。"", }), ).toBeVisible() が成立する",production buildのChromium full E2Eでassertion成立,passed,,,product code変更なし,full E2E 59/59,walkthrough.spec.ts:743,matcher=toBeVisible / 697 unique assertionsから51 flowsをround-robin抽出
UAT-495,e2e-observation,2026-08-16T16:20:00+09:00,2026-08-16T16:20:00+09:00,コメント,"reviews a line across commits, preserves the tabbed UI, and resolves it",fixture PR / production build / Chromium / path・commit・comment・walkthrough固有データ,acceptance,review-flow.spec.ts:175 のユーザーフローを実行し、expect(commitPicker)を観測,expect(commitPicker).toHaveAccessibleName(/2 commits.*PR全体/) が成立する,production buildのChromium full E2Eでassertion成立,passed,,,product code変更なし,full E2E 59/59,review-flow.spec.ts:175,matcher=toHaveAccessibleName / 697 unique assertionsから51 flowsをround-robin抽出
UAT-496,e2e-observation,2026-08-16T16:20:00+09:00,2026-08-16T16:20:00+09:00,ウォークスルー,keeps agent explanation passive until a human opens an exact code reference,fixture PR / production build / Chromium / path・commit・comment・walkthrough固有データ,acceptance,"walkthrough.spec.ts:236 のユーザーフローを実行し、expect(page.getByRole(""tab"", { name: primaryWalkthrough }))を観測","expect(page.getByRole(""tab"", { name: primaryWalkthrough })).toBeVisible() が成立する",production buildのChromium full E2Eでassertion成立,passed,,,product code変更なし,full E2E 59/59,walkthrough.spec.ts:236,matcher=toBeVisible / 697 unique assertionsから51 flowsをround-robin抽出
UAT-497,e2e-observation,2026-08-16T16:20:00+09:00,2026-08-16T16:20:00+09:00,ウォークスルー,moves document tabs between at most two panes and previews repository Markdown,fixture PR / production build / Chromium / path・commit・comment・walkthrough固有データ,acceptance,"walkthrough.spec.ts:751 のユーザーフローを実行し、expect(page.locator("".markdown-preview script""))を観測","expect(page.locator("".markdown-preview script"")).toHaveCount(0) が成立する",production buildのChromium full E2Eでassertion成立,passed,,,product code変更なし,full E2E 59/59,walkthrough.spec.ts:751,matcher=toHaveCount / 697 unique assertionsから51 flowsをround-robin抽出
UAT-498,e2e-observation,2026-08-16T16:20:00+09:00,2026-08-16T16:20:00+09:00,コメント,"reviews a line across commits, preserves the tabbed UI, and resolves it",fixture PR / production build / Chromium / path・commit・comment・walkthrough固有データ,acceptance,"review-flow.spec.ts:176 のユーザーフローを実行し、expect(commitDialog.getByRole(""option"", { selected: true }))を観測","expect(commitDialog.getByRole(""option"", { selected: true })).toHaveCount(2) が成立する",production buildのChromium full E2Eでassertion成立,passed,,,product code変更なし,full E2E 59/59,review-flow.spec.ts:176,matcher=toHaveCount / 697 unique assertionsから51 flowsをround-robin抽出
UAT-499,e2e-observation,2026-08-16T16:20:00+09:00,2026-08-16T16:20:00+09:00,ウォークスルー,keeps agent explanation passive until a human opens an exact code reference,fixture PR / production build / Chromium / path・commit・comment・walkthrough固有データ,acceptance,walkthrough.spec.ts:237 のユーザーフローを実行し、expect(handlerTab)を観測,expect(handlerTab).toBeVisible() が成立する,production buildのChromium full E2Eでassertion成立,passed,,,product code変更なし,full E2E 59/59,walkthrough.spec.ts:237,matcher=toBeVisible / 697 unique assertionsから51 flowsをround-robin抽出
UAT-500,e2e-observation,2026-08-16T16:20:00+09:00,2026-08-16T16:20:00+09:00,ウォークスルー,moves document tabs between at most two panes and previews repository Markdown,fixture PR / production build / Chromium / path・commit・comment・walkthrough固有データ,acceptance,"walkthrough.spec.ts:752 のユーザーフローを実行し、expect(await page.evaluate(() => ""__rvwUnsafeMarkdownExecuted"" in window))を観測","expect(await page.evaluate(() => ""__rvwUnsafeMarkdownExecuted"" in window)).toBe(false) が成立する",production buildのChromium full E2Eでassertion成立,passed,,,product code変更なし,full E2E 59/59,walkthrough.spec.ts:752,matcher=toBe / 697 unique assertionsから51 flowsをround-robin抽出
UAT-501,discovered-persona,2026-08-16T16:32:00+09:00,2026-08-16T16:44:00+09:00,コメント・中断復帰,未送信のfile/lineコメントを保持したまま別文書へ切り替え、戻ったときに文脈と本文を復元できるか探索する,src/fixture.ts→src/new.ts→src/fixture.ts / 日本語2行draft,medium,file comment composerを開く / 2行入力 / 別tabへ移動 / 元tabへ戻る / Escape cancel / 再往復,送信・明示cancelまでは文書とcommit範囲ごとにdraftを保持し、cancel後は復元しない,修正前はtab切替でcomposerと本文が即消失。修正後は本文・composerを復元し、Escape後の再往復では復元しない,fixed-pass,major,UAT-DEF-004,文書・commit範囲単位のcomment draft mapを追加し、body・selection・composer種別を保持,targeted E2E 2/2 pass / production build,test/e2e/uat-regressions.spec.ts / in-app browser DOM,中断ペルソナで発見。明示cancel・submit・navigation targetでは従来どおりclear
UAT-502,discovered-persona,2026-08-16T16:52:00+09:00,2026-08-16T17:02:00+09:00,タブ・同名file,同じbasenameを持つ複数fileを同時に開き、視覚だけでもtabを取り違えず選べるか探索する,src/application/orders/create-order.ts / src/http/controllers/create-order.ts / src/http/schemas/create-order.ts,monorepo,Quick Openで3件を順にopen / tablistを比較 / hover titleとaccessible nameを確認,重複basename時だけ最短の一意な親path suffixを表示し、通常tabを冗長にせず3件を区別できる,修正前はvisible labelが3件ともcreate-order.ts。修正後はcreate-order.ts · orders/controllers/schemasとなり、title/aria-labelもfull path,fixed-pass,major,UAT-DEF-005,pane内のduplicate basenameを検出し、重複時だけ最短の一意な親path suffixをvisible labelへ付加,targeted E2E 3/3 pass / production build,test/e2e/uat-regressions.spec.ts,雑多なmonorepo maintainerペルソナで既存fixtureから発見
UAT-503,persona-data,2026-08-16T17:04:00+09:00,2026-08-16T17:12:00+09:00,雑多なrepository,Unicode正規化差・日本語・emoji・空file・symlink・submodule・非常に長いpathを同一repositoryで横断する,空text / Café.md・Café.md / emoji 🚀 / mode 120000 / mode 160000 / 12階層path,mixed,route fixture追加 / Quick Open / icon識別 / document表示 / Unicode全文検索 / long tab open,path identity・entry kind・空contentを誤らず、表示・検索・tab選択が継続できる,空fileを正常表示し、正規化の異なる2pathを別候補で表示。symlink target・submodule OID・emoji検索・長path tabが全て成功,passed,,,product code変更なし,targeted browser E2E 1/1 pass,test/e2e/uat-regressions.spec.ts,実fixture responseをroute拡張しproduction UIを操作
UAT-504,discovered-persona,2026-08-16T17:18:00+09:00,2026-08-16T17:28:00+09:00,キーボード・迂回導線,多数のtopbar/sidebar controlを毎回通過せず、主要レビュー本文へ直接移動できるか探索する,初期表示 / keyboard sequential focus / named complementary landmark,accessibility,最初のfocusable要素を確認 / skip link focus / Enter / target focus / landmark名を読む,skip linkがfocus時だけ見え、review mainへ移動し、sidebarが固有名で識別できる,修正前は迂回導線なし・complementary無名。修正後はレビュー本文へ移動しtarget focus、sidebar名を確認,fixed-pass,major,UAT-DEF-006,focus-visible skip linkとレビューサイドバーのaria-labelを追加,full E2E 59/59,test/e2e/uat-regressions.spec.ts,keyboard/screen readerペルソナで発見
UAT-505,persona,2026-08-16T17:30:00+09:00,2026-08-16T17:36:00+09:00,弱視・高倍率,200%〜400%相当の実効幅でoverlayと主要controlが画面外へ固定されず到達できるか探索する,640x720 / 400x720 / action menu / commit dialog / horizontal workspace,responsive,bounding box測定 / overlay open-close / 400px workspaceを右端までscroll,action・menu・dialogがviewport内に収まり、狭いworkspaceは横scrollで全領域へ到達できる,640pxでmenu/dialog全体、400pxでaction buttonをviewport内に確認。workspace scrollWidth>clientWidthかつ右端到達,passed,,,product code変更なし,full E2E 59/59,browser screenshot + Playwright bounding boxes,light/dark/systemの既存回帰も通過
UAT-506,discovered-persona,2026-08-16T17:38:00+09:00,2026-08-16T17:48:00+09:00,危険操作・初見,色を認識しない利用者でもresetがローカルレビュー状態の削除を伴うと操作前に理解できるか探索する,comments=3 / posts=5 / targets=3 / walkthroughs=2 / refs=7 / git refs=4,destructive,menu accessible name確認 / preview API / browser confirm文面 / dismiss / yes request件数確認,menu名で削除意図が分かり、件数と不可逆性を確認後cancelすれば実削除requestを送らない,修正前は『状態を再構築』で色だけが危険性を示した。修正後は明示名、確認cancelでyes request=0・画面保持,fixed-pass,major,UAT-DEF-007,menu labelとimplementation specを『ローカル状態を削除して再構築』へ更新,full E2E 59/59,route fixture + browser dialog,実削除は行わずcancel pathを検証
UAT-507,discovered-persona,2026-08-16T17:50:00+09:00,2026-08-16T18:00:00+09:00,キーボード・ペインmenu,document paneのmenuをpointerなしで開閉・移動し、外側操作でもoverlayが残留しないか探索する,2 open tabs / move / close others / close all / document list items,medium,open / ArrowDown / Home / Escape / focus return / reopen / outside click,先頭有効項目へfocusし、矢印移動・Escape復帰・outside dismissalが標準menuとして機能する,修正前はfocus移動・矢印・Escape・outside dismissalなし。修正後に全経路成功,fixed-pass,major,UAT-DEF-008,pane menuへaria-haspopup、focus、Arrow/Home/End、Escape、outside pointer処理を追加,full E2E 59/59,test/e2e/uat-regressions.spec.ts,topbar menu修正を他menuへ横展開して発見
UAT-508,self-review,2026-08-16T18:10:00+09:00,2026-08-16T18:22:00+09:00,コメント・exact source,同じpathを異なるexact source commitで開いたとき、前revisionの未送信draftが混入しないか検証する,src/example.ts / current・exact-source A・exact-source B / 同一global commit範囲,historical,DocumentViewer keyとdraft keyを比較 / sourceOid・comparisonPolicyを変えたcontext keyを検証,文書pathが同じでもsource commitとcomparison policyが異なればdraft contextを分離する,修正前はpath・global範囲だけで衝突。修正後はold/new path、sourceOid、comparisonPolicyまで含み3 contextが一意,fixed-pass,critical,UAT-DEF-009,PR単位draft storeと完全なdocument identityを追加,unit 170/170 / full E2E 59/59,test/unit/comment-draft-store.test.ts,self-reviewでReact keyとdraft keyの非対称から発見
UAT-509,self-review,2026-08-16T18:22:00+09:00,2026-08-16T18:36:00+09:00,reset・未送信draft,ローカル状態を削除して再構築した後、同じPR本文を開いても未送信draftが復活しないか検証する,PR本文file comment draft / reset preview→confirm accept / 同一head,destructive,draft入力 / reset confirm accept / viewer再構築 / composer再open / stale cleanup writeを観測,reset成功時にdraftとscroll contextを破棄し、古いcomponent cleanupでも復活しない,修正前はmodule Mapが残存。修正後はPR単位clear・世代更新・viewer revision更新により再open後も空,fixed-pass,critical,UAT-DEF-010,reset成功時のdraft/scroll clearとstale write拒否revisionを追加,confirmed reset E2E pass / full E2E 59/59,test/e2e/uat-regressions.spec.ts,cancel pathだけでなく成功pathを非破壊route fixtureで検証
UAT-510,self-review,2026-08-16T18:36:00+09:00,2026-08-16T18:46:00+09:00,タブ・同一表示path,異なる文書identityが同じ表示pathを持つ場合でも視覚・accessible nameの双方で区別できるか検証する,virtual Pull Request.md / repository Pull Request.md / 同名Walkthrough 2件,mixed,document key・path・labelを組合せ / Quick Open / tab・close button・pane menuのvisible labelとaccessible labelを比較,同一pathなら全navigation面で文書種別または一意IDを付加し、異なる親pathなら最短suffixを維持する,PR本文・repositoryをQuick Openから同時openし、tab・close・pane menuを種別で分離。同名WalkthroughをID先頭8桁で分離し既存suffixも維持,fixed-pass,major,UAT-DEF-011,document identity基準のtab presentation helperへ置換,unit 170/170 / same-path browser E2E / full E2E 59/59,test/unit/document-tabs.test.ts + test/e2e/uat-regressions.spec.ts,path文字列をself判定に使っていた矛盾をself-reviewで発見
